	semester	lesson	canvasUserId	problemID	stepID	studentAnswers	timeForHint	problemName	problemIndex
0	Spring 2022	1.1 Real Numbers	4be10a0889c62ace671386857df34e203307b5fb	a6f9727real11	a6f9727real11a	565; 565.48667764	No Hints Used	a6f9727real	11
1	Spring 2022	1.1 Real Numbers	4be10a0889c62ace671386857df34e203307b5fb	a6f9727real13	a6f9727real13a	P=L^(2)+W^(2); P=2*L+2*W; P=L*W^(2); P=L*W^(2)	No Hints Used	a6f9727real	13
2	Spring 2022	1.1 Real Numbers	4be10a0889c62ace671386857df34e203307b5fb	a6f9727real14	a6f9727real14a	10	No Hints Used	a6f9727real	14
3	Spring 2022	1.1 Real Numbers	4be10a0889c62ace671386857df34e203307b5fb	a6f9727real15	a6f9727real15a	3; 2; 4	No Hints Used	a6f9727real	15
4	Spring 2022	1.1 Real Numbers	4be10a0889c62ace671386857df34e203307b5fb	a6f9727real16	a6f9727real16a	$22	No Hints Used	a6f9727real	16
5	Spring 2022	1.1 Real Numbers	4be10a0889c62ace671386857df34e203307b5fb	a6f9727real20	a6f9727real20a	16; 96; 25; 8; 64	No Hints Used	a6f9727real	20
6	Spring 2022	1.1 Use the Language of Algebra	4e96c5b4da1630955f21437c84abce422d24c39b	afb3ccdlang2	afb3ccdlang2a	2,2,2,2,3; 3,4,4; 1,2,3,4,6,8,12,16,24,48; 1,2,3,4,6,8,12,16,24	No Hints Used	afb3ccdlang	2
7	Spring 2022	1.1 Use the Language of Algebra	4e96c5b4da1630955f21437c84abce422d24c39b	afb3ccdlang24	afb3ccdlang24a	50	No Hints Used	afb3ccdlang	24
8	Spring 2022	1.1 Use the Language of Algebra	4e96c5b4da1630955f21437c84abce422d24c39b	afb3ccdlang27	afb3ccdlang27a	52; 0	No Hints Used	afb3ccdlang	27
9	Spring 2022	1.1 Use the Language of Algebra	4e96c5b4da1630955f21437c84abce422d24c39b	afb3ccdlang6	afb3ccdlang6a	16	No Hints Used	afb3ccdlang	6
10	Spring 2022	1.1 Use the Language of Algebra	4e96c5b4da1630955f21437c84abce422d24c39b	afb3ccdlang6	afb3ccdlang6b	81	No Hints Used	afb3ccdlang	6
11	Spring 2022	1.1 Use the Language of Algebra	4e96c5b4da1630955f21437c84abce422d24c39b	afb3ccdlang6	afb3ccdlang6c	52	No Hints Used	afb3ccdlang	6
12	Spring 2022	1.1 Use the Language of Algebra	aaf8e7a1f1b767b5fdcb7ef73276814f810e639f	afb3ccdlang1	afb3ccdlang1a	6; 2; 3	No Hints Used	afb3ccdlang	1
13	Spring 2022	1.1 Use the Language of Algebra	aaf8e7a1f1b767b5fdcb7ef73276814f810e639f	afb3ccdlang10	afb3ccdlang10a	10; 4*q+-7	0.78; 0.74; 0.73; 0.67; 7.45	afb3ccdlang	10
14	Spring 2022	1.1 Use the Language of Algebra	aaf8e7a1f1b767b5fdcb7ef73276814f810e639f	afb3ccdlang11	afb3ccdlang11a	58	No Hints Used	afb3ccdlang	11
15	Spring 2022	1.1 Use the Language of Algebra	aaf8e7a1f1b767b5fdcb7ef73276814f810e639f	afb3ccdlang12	afb3ccdlang12a	58	No Hints Used	afb3ccdlang	12
16	Spring 2022	1.1 Use the Language of Algebra	aaf8e7a1f1b767b5fdcb7ef73276814f810e639f	afb3ccdlang13	afb3ccdlang13a	10*x+6	No Hints Used	afb3ccdlang	13
17	Spring 2022	1.1 Use the Language of Algebra	aaf8e7a1f1b767b5fdcb7ef73276814f810e639f	afb3ccdlang14	afb3ccdlang14a	10*y+1	No Hints Used	afb3ccdlang	14
18	Spring 2022	1.1 Use the Language of Algebra	aaf8e7a1f1b767b5fdcb7ef73276814f810e639f	afb3ccdlang15	afb3ccdlang15a	22*a+1	No Hints Used	afb3ccdlang	15
19	Spring 2022	1.1 Use the Language of Algebra	aaf8e7a1f1b767b5fdcb7ef73276814f810e639f	afb3ccdlang16	afb3ccdlang16a	5	No Hints Used	afb3ccdlang	16
20	Spring 2022	1.1 Use the Language of Algebra	aaf8e7a1f1b767b5fdcb7ef73276814f810e639f	afb3ccdlang17	afb3ccdlang17a	6	No Hints Used	afb3ccdlang	17
21	Spring 2022	1.1 Use the Language of Algebra	aaf8e7a1f1b767b5fdcb7ef73276814f810e639f	afb3ccdlang18	afb3ccdlang18a	58	No Hints Used	afb3ccdlang	18
22	Spring 2022	1.1 Use the Language of Algebra	aaf8e7a1f1b767b5fdcb7ef73276814f810e639f	afb3ccdlang19	afb3ccdlang19a	58	No Hints Used	afb3ccdlang	19
23	Spring 2022	1.1 Use the Language of Algebra	aaf8e7a1f1b767b5fdcb7ef73276814f810e639f	afb3ccdlang2	afb3ccdlang2a	1,2,3,4,6,8,12,16,24,48; 1,2,3,4,6,8,12,16,24,; 1,2,3,4,6,8,12,16,; 1,2,3,4,6,8,12,; 1,2,3,4,; 1,2; 24,48; 2x12; 2*2*2*2*3	0.68; 0.8; 0.72; 0.86; 0.95; 0.59; 0.78; 15.01	afb3ccdlang	2
24	Spring 2022	1.1 Use the Language of Algebra	aaf8e7a1f1b767b5fdcb7ef73276814f810e639f	afb3ccdlang20	afb3ccdlang20a	29	No Hints Used	afb3ccdlang	20
25	Spring 2022	1.1 Use the Language of Algebra	aaf8e7a1f1b767b5fdcb7ef73276814f810e639f	afb3ccdlang21	afb3ccdlang21a	31	No Hints Used	afb3ccdlang	21
26	Spring 2022	1.1 Use the Language of Algebra	aaf8e7a1f1b767b5fdcb7ef73276814f810e639f	afb3ccdlang22	afb3ccdlang22a	149	No Hints Used	afb3ccdlang	22
27	Spring 2022	1.1 Use the Language of Algebra	aaf8e7a1f1b767b5fdcb7ef73276814f810e639f	afb3ccdlang23	afb3ccdlang23a	121; 41	0.94; 1.53; 3.81	afb3ccdlang	23
28	Spring 2022	1.1 Use the Language of Algebra	aaf8e7a1f1b767b5fdcb7ef73276814f810e639f	afb3ccdlang24	afb3ccdlang24a	50	No Hints Used	afb3ccdlang	24
29	Spring 2022	1.1 Use the Language of Algebra	aaf8e7a1f1b767b5fdcb7ef73276814f810e639f	afb3ccdlang25	afb3ccdlang25a	30	No Hints Used	afb3ccdlang	25
30	Spring 2022	1.1 Use the Language of Algebra	aaf8e7a1f1b767b5fdcb7ef73276814f810e639f	afb3ccdlang26	afb3ccdlang26a	5	No Hints Used	afb3ccdlang	26
31	Spring 2022	1.1 Use the Language of Algebra	aaf8e7a1f1b767b5fdcb7ef73276814f810e639f	afb3ccdlang27	afb3ccdlang27a	0	No Hints Used	afb3ccdlang	27
32	Spring 2022	1.1 Use the Language of Algebra	aaf8e7a1f1b767b5fdcb7ef73276814f810e639f	afb3ccdlang28	afb3ccdlang28a	64	No Hints Used	afb3ccdlang	28
33	Spring 2022	1.1 Use the Language of Algebra	aaf8e7a1f1b767b5fdcb7ef73276814f810e639f	afb3ccdlang29	afb3ccdlang29a	243	No Hints Used	afb3ccdlang	29
34	Spring 2022	1.1 Use the Language of Algebra	aaf8e7a1f1b767b5fdcb7ef73276814f810e639f	afb3ccdlang3	afb3ccdlang3a	2*2*3; 2*2*3*2*3*3; 36	0.77; 0.86; 12.35	afb3ccdlang	3
35	Spring 2022	1.1 Use the Language of Algebra	aaf8e7a1f1b767b5fdcb7ef73276814f810e639f	afb3ccdlang30	afb3ccdlang30a	21	No Hints Used	afb3ccdlang	30
36	Spring 2022	1.1 Use the Language of Algebra	aaf8e7a1f1b767b5fdcb7ef73276814f810e639f	afb3ccdlang31	afb3ccdlang31a	36	No Hints Used	afb3ccdlang	31
37	Spring 2022	1.1 Use the Language of Algebra	aaf8e7a1f1b767b5fdcb7ef73276814f810e639f	afb3ccdlang32	afb3ccdlang32a	73; 73; r*3; 53	0.83; 2.08; 3.74	afb3ccdlang	32
38	Spring 2022	1.1 Use the Language of Algebra	aaf8e7a1f1b767b5fdcb7ef73276814f810e639f	afb3ccdlang4	afb3ccdlang4a	18; 15	No Hints Used	afb3ccdlang	4
39	Spring 2022	1.1 Use the Language of Algebra	aaf8e7a1f1b767b5fdcb7ef73276814f810e639f	afb3ccdlang5	afb3ccdlang5a	28; 58; 13	0.76; 1.85; 10.75; 4.54; 1.35; 3.92; 6.21; 0.79; 1.32; 7.08; 2.24; 6.91; 4.42	afb3ccdlang	5
40	Spring 2022	1.1 Use the Language of Algebra	aaf8e7a1f1b767b5fdcb7ef73276814f810e639f	afb3ccdlang6	afb3ccdlang6a	16	No Hints Used	afb3ccdlang	6
41	Spring 2022	1.1 Use the Language of Algebra	aaf8e7a1f1b767b5fdcb7ef73276814f810e639f	afb3ccdlang6	afb3ccdlang6b	81	No Hints Used	afb3ccdlang	6
42	Spring 2022	1.1 Use the Language of Algebra	aaf8e7a1f1b767b5fdcb7ef73276814f810e639f	afb3ccdlang6	afb3ccdlang6c	52	No Hints Used	afb3ccdlang	6
43	Spring 2022	1.1 Use the Language of Algebra	aaf8e7a1f1b767b5fdcb7ef73276814f810e639f	afb3ccdlang7	afb3ccdlang7a	3*x^(2+7*x+12); 3*x^(2+3*x+12); 3*x^(2+7*x+12); 3*x^(2+7*x+12); 3*x^(2+3*x+12); 3*x^(2)+7*x+12	0.68; 1.02; 51.49	afb3ccdlang	7
44	Spring 2022	1.1 Use the Language of Algebra	aaf8e7a1f1b767b5fdcb7ef73276814f810e639f	afb3ccdlang9	afb3ccdlang9a	w+-14	0.95; 0.81; 0.7; 0.63; 5.11	afb3ccdlang	9
45	Spring 2022	1.1 Use the Language of Algebra	f51f96d3616c690c05e60a004fbc4e0ff3c76fb6	afb3ccdlang10	afb3ccdlang10a	10*d	No Hints Used	afb3ccdlang	10
46	Spring 2022	1.2 Integers	f51f96d3616c690c05e60a004fbc4e0ff3c76fb6	ae45a45int21	ae45a45int21a	5	No Hints Used	ae45a45int	21
47	Spring 2022	1.2 Integers	f51f96d3616c690c05e60a004fbc4e0ff3c76fb6	ae45a45int21	ae45a45int21b	8; -26	No Hints Used	ae45a45int	21
48	Spring 2022	1.2 Integers	f51f96d3616c690c05e60a004fbc4e0ff3c76fb6	ae45a45int21	ae45a45int21c	24	No Hints Used	ae45a45int	21
49	Spring 2022	1.2 Integers	f51f96d3616c690c05e60a004fbc4e0ff3c76fb6	ae45a45int21	ae45a45int21d	-3	No Hints Used	ae45a45int	21
50	Spring 2022	1.2 Use the Language of Algebra	041d6d00e07236d0bbddb5589a2b61f8a99d624c	a4d2b33use4	a4d2b33use4a		nan	a4d2b33use	4
51	Spring 2022	1.2 Use the Language of Algebra	aaf8e7a1f1b767b5fdcb7ef73276814f810e639f	a4d2b33use1	a4d2b33use1a	31	No Hints Used	a4d2b33use	1
52	Spring 2022	1.2 Use the Language of Algebra	aaf8e7a1f1b767b5fdcb7ef73276814f810e639f	a4d2b33use1	a4d2b33use1b	3	No Hints Used	a4d2b33use	1
53	Spring 2022	1.2 Use the Language of Algebra	aaf8e7a1f1b767b5fdcb7ef73276814f810e639f	a4d2b33use10	a4d2b33use10a	216	No Hints Used	a4d2b33use	10
54	Spring 2022	1.2 Use the Language of Algebra	aaf8e7a1f1b767b5fdcb7ef73276814f810e639f	a4d2b33use10	a4d2b33use10b	64	No Hints Used	a4d2b33use	10
55	Spring 2022	1.2 Use the Language of Algebra	aaf8e7a1f1b767b5fdcb7ef73276814f810e639f	a4d2b33use11	a4d2b33use11a	40	No Hints Used	a4d2b33use	11
56	Spring 2022	1.2 Use the Language of Algebra	aaf8e7a1f1b767b5fdcb7ef73276814f810e639f	a4d2b33use12	a4d2b33use12a	9	No Hints Used	a4d2b33use	12
57	Spring 2022	1.2 Use the Language of Algebra	aaf8e7a1f1b767b5fdcb7ef73276814f810e639f	a4d2b33use13	a4d2b33use13a	17	No Hints Used	a4d2b33use	13
58	Spring 2022	1.2 Use the Language of Algebra	aaf8e7a1f1b767b5fdcb7ef73276814f810e639f	a4d2b33use13	a4d2b33use13b	4; 41	No Hints Used	a4d2b33use	13
59	Spring 2022	1.2 Use the Language of Algebra	aaf8e7a1f1b767b5fdcb7ef73276814f810e639f	a4d2b33use13	a4d2b33use13c	1	No Hints Used	a4d2b33use	13
60	Spring 2022	1.2 Use the Language of Algebra	aaf8e7a1f1b767b5fdcb7ef73276814f810e639f	a4d2b33use14	a4d2b33use14a	9	No Hints Used	a4d2b33use	14
61	Spring 2022	1.2 Use the Language of Algebra	aaf8e7a1f1b767b5fdcb7ef73276814f810e639f	a4d2b33use14	a4d2b33use14b	13	No Hints Used	a4d2b33use	14
62	Spring 2022	1.2 Use the Language of Algebra	aaf8e7a1f1b767b5fdcb7ef73276814f810e639f	a4d2b33use14	a4d2b33use14c	1	No Hints Used	a4d2b33use	14
63	Spring 2022	1.2 Use the Language of Algebra	aaf8e7a1f1b767b5fdcb7ef73276814f810e639f	a4d2b33use15	a4d2b33use15a	9 and $$2x^3$$, 15 and $$8x^3$$, $$11y^2$$ and $$y^2$$; $$2x^3$$ and $$11y^2$$, $$8x^3$$ an $${dy}^2$$, 9 and 15; 9 and 15, $$2x^3$$ and $$8x^3$$, $$11y^2$$ and $$y^2$$	No Hints Used	a4d2b33use	15
64	Spring 2022	1.2 Use the Language of Algebra	aaf8e7a1f1b767b5fdcb7ef73276814f810e639f	a4d2b33use16	a4d2b33use16a	24 and $$4x^3$$, $$6x^3$$ and $$3x^2$$, 19 and $$8x^2$$; 19 and 24, $$4x^3$$ and $$6x^3$$, $$3x^2$$ and $$8x^2$$; 19 and $$4x^3$$, 24 and $$3x^2$$, $$6x^3$$ and $$8x^2$$; 19 and 24, $$4x^3$$ and $$6x^3$$, $$3x^2$$ and $$8^2$$	No Hints Used	a4d2b33use	16
65	Spring 2022	1.2 Use the Language of Algebra	aaf8e7a1f1b767b5fdcb7ef73276814f810e639f	a4d2b33use17	a4d2b33use17a	$$4x^2$$, 5, x, 17; $$4x^2$$, 5x, 17	No Hints Used	a4d2b33use	17
66	Spring 2022	1.2 Use the Language of Algebra	aaf8e7a1f1b767b5fdcb7ef73276814f810e639f	a4d2b33use18	a4d2b33use18a	5, x, 2, y; 5x, 2y	No Hints Used	a4d2b33use	18
67	Spring 2022	1.2 Use the Language of Algebra	aaf8e7a1f1b767b5fdcb7ef73276814f810e639f	a4d2b33use2	a4d2b33use2a	16	No Hints Used	a4d2b33use	2
68	Spring 2022	1.2 Use the Language of Algebra	aaf8e7a1f1b767b5fdcb7ef73276814f810e639f	a4d2b33use2	a4d2b33use2b	81	No Hints Used	a4d2b33use	2
69	Spring 2022	1.2 Use the Language of Algebra	aaf8e7a1f1b767b5fdcb7ef73276814f810e639f	a4d2b33use22	a4d2b33use22a	25	No Hints Used	a4d2b33use	22
70	Spring 2022	1.2 Use the Language of Algebra	aaf8e7a1f1b767b5fdcb7ef73276814f810e639f	a4d2b33use22	a4d2b33use22b	49	No Hints Used	a4d2b33use	22
71	Spring 2022	1.2 Use the Language of Algebra	aaf8e7a1f1b767b5fdcb7ef73276814f810e639f	a4d2b33use23	a4d2b33use23a	15	No Hints Used	a4d2b33use	23
72	Spring 2022	1.2 Use the Language of Algebra	aaf8e7a1f1b767b5fdcb7ef73276814f810e639f	a4d2b33use24	a4d2b33use24a	31; 13	No Hints Used	a4d2b33use	24
73	Spring 2022	1.2 Use the Language of Algebra	aaf8e7a1f1b767b5fdcb7ef73276814f810e639f	a4d2b33use29	a4d2b33use29a	5; 125	No Hints Used	a4d2b33use	29
74	Spring 2022	1.2 Use the Language of Algebra	aaf8e7a1f1b767b5fdcb7ef73276814f810e639f	a4d2b33use29	a4d2b33use29b	1	No Hints Used	a4d2b33use	29
75	Spring 2022	1.2 Use the Language of Algebra	aaf8e7a1f1b767b5fdcb7ef73276814f810e639f	a4d2b33use3	a4d2b33use3a	52	No Hints Used	a4d2b33use	3
76	Spring 2022	1.2 Use the Language of Algebra	aaf8e7a1f1b767b5fdcb7ef73276814f810e639f	a4d2b33use30	a4d2b33use30a	49	No Hints Used	a4d2b33use	30
77	Spring 2022	1.2 Use the Language of Algebra	aaf8e7a1f1b767b5fdcb7ef73276814f810e639f	a4d2b33use30	a4d2b33use30b	0	No Hints Used	a4d2b33use	30
78	Spring 2022	1.2 Use the Language of Algebra	aaf8e7a1f1b767b5fdcb7ef73276814f810e639f	a4d2b33use31	a4d2b33use31a	2	No Hints Used	a4d2b33use	31
79	Spring 2022	1.2 Use the Language of Algebra	aaf8e7a1f1b767b5fdcb7ef73276814f810e639f	a4d2b33use31	a4d2b33use31b	14	No Hints Used	a4d2b33use	31
80	Spring 2022	1.2 Use the Language of Algebra	aaf8e7a1f1b767b5fdcb7ef73276814f810e639f	a4d2b33use32	a4d2b33use32a	35	No Hints Used	a4d2b33use	32
81	Spring 2022	1.2 Use the Language of Algebra	aaf8e7a1f1b767b5fdcb7ef73276814f810e639f	a4d2b33use32	a4d2b33use32b	99	No Hints Used	a4d2b33use	32
82	Spring 2022	1.2 Use the Language of Algebra	aaf8e7a1f1b767b5fdcb7ef73276814f810e639f	a4d2b33use33	a4d2b33use33a	16	No Hints Used	a4d2b33use	33
83	Spring 2022	1.2 Use the Language of Algebra	aaf8e7a1f1b767b5fdcb7ef73276814f810e639f	a4d2b33use34	a4d2b33use34a	23	No Hints Used	a4d2b33use	34
84	Spring 2022	1.2 Use the Language of Algebra	aaf8e7a1f1b767b5fdcb7ef73276814f810e639f	a4d2b33use35	a4d2b33use35a	86	No Hints Used	a4d2b33use	35
85	Spring 2022	1.2 Use the Language of Algebra	aaf8e7a1f1b767b5fdcb7ef73276814f810e639f	a4d2b33use36	a4d2b33use36a	1	No Hints Used	a4d2b33use	36
86	Spring 2022	1.2 Use the Language of Algebra	aaf8e7a1f1b767b5fdcb7ef73276814f810e639f	a4d2b33use4	a4d2b33use4a	14*y; 14*y; 14*y; 14*y^(-1); 14	45.09	a4d2b33use	4
87	Spring 2022	1.2 Use the Language of Algebra	aaf8e7a1f1b767b5fdcb7ef73276814f810e639f	a4d2b33use4	a4d2b33use4b	15	No Hints Used	a4d2b33use	4
88	Spring 2022	1.2 Use the Language of Algebra	aaf8e7a1f1b767b5fdcb7ef73276814f810e639f	a4d2b33use4	a4d2b33use4c	a; 0; 14; 1	No Hints Used	a4d2b33use	4
89	Spring 2022	1.2 Use the Language of Algebra	aaf8e7a1f1b767b5fdcb7ef73276814f810e639f	a4d2b33use5	a4d2b33use5a	$$y^3$$ and $$7x^2$$, $$y^3$$ and 14, 14 and $$7x^2$$; $$y^3$$ and $$4y^3$$, $$7x^2$$ and $$5x^2$$, 14 and 23	No Hints Used	a4d2b33use	5
90	Spring 2022	1.2 Use the Language of Algebra	aaf8e7a1f1b767b5fdcb7ef73276814f810e639f	a4d2b33use6	a4d2b33use6a	9, x, 2, 7, x, 12; $$9x^2$$, 7x, 12; 9, $$x^2$$, 7, x, 12; $$9x^2$$, 7x, 12	No Hints Used	a4d2b33use	6
91	Spring 2022	1.2 Use the Language of Algebra	aaf8e7a1f1b767b5fdcb7ef73276814f810e639f	a4d2b33use6	a4d2b33use6b	8x, 3y	No Hints Used	a4d2b33use	6
92	Spring 2022	1.2 Use the Language of Algebra	aaf8e7a1f1b767b5fdcb7ef73276814f810e639f	a4d2b33use7	a4d2b33use7a	13	No Hints Used	a4d2b33use	7
93	Spring 2022	1.2 Use the Language of Algebra	aaf8e7a1f1b767b5fdcb7ef73276814f810e639f	a4d2b33use7	a4d2b33use7b	5	No Hints Used	a4d2b33use	7
94	Spring 2022	1.2 Use the Language of Algebra	aaf8e7a1f1b767b5fdcb7ef73276814f810e639f	a4d2b33use8	a4d2b33use8a	8	No Hints Used	a4d2b33use	8
95	Spring 2022	1.2 Use the Language of Algebra	aaf8e7a1f1b767b5fdcb7ef73276814f810e639f	a4d2b33use8	a4d2b33use8b	16	No Hints Used	a4d2b33use	8
96	Spring 2022	1.2 Use the Language of Algebra	aaf8e7a1f1b767b5fdcb7ef73276814f810e639f	a4d2b33use9	a4d2b33use9a	9	No Hints Used	a4d2b33use	9
97	Spring 2022	1.2 Use the Language of Algebra	aaf8e7a1f1b767b5fdcb7ef73276814f810e639f	a4d2b33use9	a4d2b33use9b	64	No Hints Used	a4d2b33use	9
98	Spring 2022	1.3 Fractions	aaf8e7a1f1b767b5fdcb7ef73276814f810e639f	a4488b1Fraction14	a4488b1Fraction14a	27/36*a+-32/36	No Hints Used	a4488b1Fraction	14
99	Spring 2022	1.3 Fractions	aaf8e7a1f1b767b5fdcb7ef73276814f810e639f	a4488b1Fraction14	a4488b1Fraction14b	2/3*a	No Hints Used	a4488b1Fraction	14
100	Spring 2022	1.3 Fractions	aaf8e7a1f1b767b5fdcb7ef73276814f810e639f	a4488b1Fraction6	a4488b1Fraction6a	24/30*k; 24/30*k+-5; 24/30*k; 2/15*k; 24/30*k+-5/30	0.92; 2.86; 5.98; 1.5; 36.14	a4488b1Fraction	6
101	Spring 2022	1.3 Fractions	aaf8e7a1f1b767b5fdcb7ef73276814f810e639f	a4488b1Fraction6	a4488b1Fraction6b	2/15*k	No Hints Used	a4488b1Fraction	6
102	Spring 2022	1.3 Fractions	f51f96d3616c690c05e60a004fbc4e0ff3c76fb6	a4488b1Fraction14	a4488b1Fraction14a	(27*a+-32)*1/36	No Hints Used	a4488b1Fraction	14
103	Spring 2022	1.3 Fractions	f51f96d3616c690c05e60a004fbc4e0ff3c76fb6	a4488b1Fraction14	a4488b1Fraction14b	2/3*a	No Hints Used	a4488b1Fraction	14
104	Spring 2022	1.4 Decimals	46b7f41636f9d82b419bc0e65f0320ad55900c47	a975ae1MultDivInts1	a975ae1MultDivInts1a	27; -27	No Hints Used	a975ae1MultDivInts	1
105	Spring 2022	1.4 Decimals	46b7f41636f9d82b419bc0e65f0320ad55900c47	a975ae1MultDivInts1	a975ae1MultDivInts1b	19; -10; 10	6.43; 5.11; 18.68	a975ae1MultDivInts	1
106	Spring 2022	1.4 Polynomials	d656fafd94dfd1e65254f474990aee0cdc1b1a54	a0cc26bpoly20	a0cc26bpoly20a	8*n^(3)+-4*n^(2)+72*n+-36	No Hints Used	a0cc26bpoly	20
107	Spring 2022	1.4 Polynomials	d656fafd94dfd1e65254f474990aee0cdc1b1a54	a0cc26bpoly20	a0cc26bpoly20b	9*y^(2)+-42*y+49	No Hints Used	a0cc26bpoly	20
108	Spring 2022	1.5 Properties of Real Numbers	7108e72dc298b17b3ad2ae45da83bd3706ff53af	a4b48f4RealNums9	a4b48f4RealNums9a	-92*x	No Hints Used	a4b48f4RealNums	9
109	Spring 2022	1.5 Properties of Real Numbers	bbf7d507bbd2da1f84ff02c174006001e471b345	a4b48f4RealNums19	a4b48f4RealNums19a	7.41*m+6.57*n	1.44; nan	a4b48f4RealNums	19
110	Spring 2022	1.5 Properties of Real Numbers	cae6693121aecddb7bd9599d018c3ee0b8c76fbf	a4b48f4RealNums2	a4b48f4RealNums2a		1.48; nan	a4b48f4RealNums	2
111	Spring 2022	1.5 Properties of Real Numbers	f51f96d3616c690c05e60a004fbc4e0ff3c76fb6	a4b48f4RealNums20	a4b48f4RealNums20a	-177	1.72; nan	a4b48f4RealNums	20
112	Spring 2022	1.5 Properties of Real Numbers	f51f96d3616c690c05e60a004fbc4e0ff3c76fb6	a4b48f4RealNums4	a4b48f4RealNums4a	18/13	No Hints Used	a4b48f4RealNums	4
113	Spring 2022	1.5 Properties of Real Numbers	f51f96d3616c690c05e60a004fbc4e0ff3c76fb6	a4b48f4RealNums9	a4b48f4RealNums9a	-92*x; -92*x	No Hints Used	a4b48f4RealNums	9
114	Spring 2022	2.1 Use a General Strategy to Solve Linear Equations	4e96c5b4da1630955f21437c84abce422d24c39b	a8b6b9fLinear18	a8b6b9fLinear18a	5	No Hints Used	a8b6b9fLinear	18
115	Spring 2022	2.1 Use a General Strategy to Solve Linear Equations	4e96c5b4da1630955f21437c84abce422d24c39b	a8b6b9fLinear29	a8b6b9fLinear29a	18	No Hints Used	a8b6b9fLinear	29
116	Spring 2022	2.1 Use a General Strategy to Solve Linear Equations	aaf8e7a1f1b767b5fdcb7ef73276814f810e639f	a8b6b9fLinear16	a8b6b9fLinear16a	FALSE; TRUE	No Hints Used	a8b6b9fLinear	16
117	Spring 2022	2.1 Use a General Strategy to Solve Linear Equations	aaf8e7a1f1b767b5fdcb7ef73276814f810e639f	a8b6b9fLinear16	a8b6b9fLinear16b	FALSE	No Hints Used	a8b6b9fLinear	16
118	Spring 2022	2.1 Use a General Strategy to Solve Linear Equations	aaf8e7a1f1b767b5fdcb7ef73276814f810e639f	a8b6b9fLinear17	a8b6b9fLinear17a	FALSE	No Hints Used	a8b6b9fLinear	17
119	Spring 2022	2.1 Use a General Strategy to Solve Linear Equations	aaf8e7a1f1b767b5fdcb7ef73276814f810e639f	a8b6b9fLinear17	a8b6b9fLinear17b	FALSE; TRUE	No Hints Used	a8b6b9fLinear	17
120	Spring 2022	2.1 Use a General Strategy to Solve Linear Equations	aaf8e7a1f1b767b5fdcb7ef73276814f810e639f	a8b6b9fLinear20	a8b6b9fLinear20a	2*1/2; 5/2	No Hints Used	a8b6b9fLinear	20
121	Spring 2022	2.1 Use a General Strategy to Solve Linear Equations	aaf8e7a1f1b767b5fdcb7ef73276814f810e639f	a8b6b9fLinear22	a8b6b9fLinear22a	-4	No Hints Used	a8b6b9fLinear	22
122	Spring 2022	2.1 Use a General Strategy to Solve Linear Equations	aaf8e7a1f1b767b5fdcb7ef73276814f810e639f	a8b6b9fLinear9	a8b6b9fLinear9a	-9/2	No Hints Used	a8b6b9fLinear	9
123	Spring 2022	2.1 Use a General Strategy to Solve Linear Equations	bbf7d507bbd2da1f84ff02c174006001e471b345	a8b6b9fLinear26	a8b6b9fLinear26a	-1	1.37; 6.52; 8.94; 6.28; 8.11; 8.39; 9.73; 8.87; 3.9	a8b6b9fLinear	26
124	Spring 2022	2.1 Use a General Strategy to Solve Linear Equations	bbf7d507bbd2da1f84ff02c174006001e471b345	a8b6b9fLinear4	a8b6b9fLinear4a	2	1.81; 1.2; 1.04; 0.97; 4.05	a8b6b9fLinear	4
125	Spring 2022	2.2 Use a Problem Solving Strategy	aaf8e7a1f1b767b5fdcb7ef73276814f810e639f	aae6efeSolving10	aae6efeSolving10a	-33,-34,-35; -31,-32,-33	No Hints Used	aae6efeSolving	10
126	Spring 2022	2.2 Use a Problem Solving Strategy	aaf8e7a1f1b767b5fdcb7ef73276814f810e639f	aae6efeSolving11	aae6efeSolving11a	32,34,36	No Hints Used	aae6efeSolving	11
127	Spring 2022	2.2 Use a Problem Solving Strategy	aaf8e7a1f1b767b5fdcb7ef73276814f810e639f	aae6efeSolving24	aae6efeSolving24a	nan; nan; 54	No Hints Used	aae6efeSolving	24
128	Spring 2022	2.2 Use a Problem Solving Strategy	aaf8e7a1f1b767b5fdcb7ef73276814f810e639f	aae6efeSolving24	aae6efeSolving24b	10800; nan; 60.75; 60; 60; 108	No Hints Used	aae6efeSolving	24
129	Spring 2022	2.2 Use a Problem Solving Strategy	aaf8e7a1f1b767b5fdcb7ef73276814f810e639f	aae6efeSolving24	aae6efeSolving24c	nan; 30	No Hints Used	aae6efeSolving	24
130	Spring 2022	2.2 Use a Problem Solving Strategy	aaf8e7a1f1b767b5fdcb7ef73276814f810e639f	aae6efeSolving25	aae6efeSolving25a	135	No Hints Used	aae6efeSolving	25
131	Spring 2022	2.2 Use a Problem Solving Strategy	aaf8e7a1f1b767b5fdcb7ef73276814f810e639f	aae6efeSolving25	aae6efeSolving25b	45	No Hints Used	aae6efeSolving	25
132	Spring 2022	2.2 Use a Problem Solving Strategy	aaf8e7a1f1b767b5fdcb7ef73276814f810e639f	aae6efeSolving25	aae6efeSolving25c	125	No Hints Used	aae6efeSolving	25
133	Spring 2022	2.2 Use a Problem Solving Strategy	aaf8e7a1f1b767b5fdcb7ef73276814f810e639f	aae6efeSolving3	aae6efeSolving3a	7; 12; 10; 8; 4	1.85; 1.3; 0.95; 15.7	aae6efeSolving	3
134	Spring 2022	2.2 Use a Problem Solving Strategy	aaf8e7a1f1b767b5fdcb7ef73276814f810e639f	aae6efeSolving4	aae6efeSolving4a	6	No Hints Used	aae6efeSolving	4
135	Spring 2022	2.2 Use a Problem Solving Strategy	aaf8e7a1f1b767b5fdcb7ef73276814f810e639f	aae6efeSolving7	aae6efeSolving7a	-8,-15	No Hints Used	aae6efeSolving	7
136	Spring 2022	2.2 Use a Problem Solving Strategy	bbf7d507bbd2da1f84ff02c174006001e471b345	aae6efeSolving1	aae6efeSolving1a	67; 67; 25	1.63; 2.1; 1.23; 2.14; 2.5; 21.0	aae6efeSolving	1
137	Spring 2022	2.2 Use a Problem Solving Strategy	bbf7d507bbd2da1f84ff02c174006001e471b345	aae6efeSolving10	aae6efeSolving10a	-32,-33,-34; -31,-32,-33	No Hints Used	aae6efeSolving	10
138	Spring 2022	2.2 Use a Problem Solving Strategy	bbf7d507bbd2da1f84ff02c174006001e471b345	aae6efeSolving11	aae6efeSolving11a	32,34,36	No Hints Used	aae6efeSolving	11
139	Spring 2022	2.2 Use a Problem Solving Strategy	bbf7d507bbd2da1f84ff02c174006001e471b345	aae6efeSolving12	aae6efeSolving12a	42000	1.34; 3.91; 2.46; 57.79	aae6efeSolving	12
140	Spring 2022	2.2 Use a Problem Solving Strategy	bbf7d507bbd2da1f84ff02c174006001e471b345	aae6efeSolving2	aae6efeSolving2a	2	0.91; 20.03	aae6efeSolving	2
141	Spring 2022	2.2 Use a Problem Solving Strategy	bbf7d507bbd2da1f84ff02c174006001e471b345	aae6efeSolving28	aae6efeSolving28a	29.97	1.12; 13.65; 9.53; 3.32; 2.6; 15.85; 19.43	aae6efeSolving	28
142	Spring 2022	2.2 Use a Problem Solving Strategy	bbf7d507bbd2da1f84ff02c174006001e471b345	aae6efeSolving3	aae6efeSolving3a	4	1.28; 2.41; 8.13; 1.78; 1.4; 10.59	aae6efeSolving	3
143	Spring 2022	2.2 Use a Problem Solving Strategy	bbf7d507bbd2da1f84ff02c174006001e471b345	aae6efeSolving4	aae6efeSolving4a	6	1.11; 0.91; 20.5	aae6efeSolving	4
144	Spring 2022	2.2 Use a Problem Solving Strategy	bbf7d507bbd2da1f84ff02c174006001e471b345	aae6efeSolving5	aae6efeSolving5a	3	1.04; 19.73	aae6efeSolving	5
145	Spring 2022	2.2 Use a Problem Solving Strategy	bbf7d507bbd2da1f84ff02c174006001e471b345	aae6efeSolving6	aae6efeSolving6a	-8,-17; -3,-12	No Hints Used	aae6efeSolving	6
146	Spring 2022	2.2 Use a Problem Solving Strategy	bbf7d507bbd2da1f84ff02c174006001e471b345	aae6efeSolving7	aae6efeSolving7a	-9,-16; -8,-15	No Hints Used	aae6efeSolving	7
147	Spring 2022	2.2 Use a Problem Solving Strategy	bbf7d507bbd2da1f84ff02c174006001e471b345	aae6efeSolving8	aae6efeSolving8a	18,-22; 11,-29	No Hints Used	aae6efeSolving	8
148	Spring 2022	2.2 Use a Problem Solving Strategy	bbf7d507bbd2da1f84ff02c174006001e471b345	aae6efeSolving9	aae6efeSolving9a	-19,-20,-21; -17,-18,-19	No Hints Used	aae6efeSolving	9
149	Spring 2022	2.2 Use a Problem Solving Strategy	f51f96d3616c690c05e60a004fbc4e0ff3c76fb6	aae6efeSolving1	aae6efeSolving1a	25	No Hints Used	aae6efeSolving	1
150	Spring 2022	2.2 Use a Problem Solving Strategy	f51f96d3616c690c05e60a004fbc4e0ff3c76fb6	aae6efeSolving10	aae6efeSolving10a	-32,-33,-34; -33,-34,-35; -31,-32,-33	No Hints Used	aae6efeSolving	10
151	Spring 2022	2.2 Use a Problem Solving Strategy	f51f96d3616c690c05e60a004fbc4e0ff3c76fb6	aae6efeSolving11	aae6efeSolving11a	,34,36,38; 30,32,34; 32,34,36	No Hints Used	aae6efeSolving	11
152	Spring 2022	2.2 Use a Problem Solving Strategy	f51f96d3616c690c05e60a004fbc4e0ff3c76fb6	aae6efeSolving12	aae6efeSolving12a	42000	No Hints Used	aae6efeSolving	12
153	Spring 2022	2.2 Use a Problem Solving Strategy	f51f96d3616c690c05e60a004fbc4e0ff3c76fb6	aae6efeSolving19	aae6efeSolving19a	-3; nan	No Hints Used	aae6efeSolving	19
154	Spring 2022	2.2 Use a Problem Solving Strategy	f51f96d3616c690c05e60a004fbc4e0ff3c76fb6	aae6efeSolving2	aae6efeSolving2a	4; 36; 2	No Hints Used	aae6efeSolving	2
155	Spring 2022	2.2 Use a Problem Solving Strategy	f51f96d3616c690c05e60a004fbc4e0ff3c76fb6	aae6efeSolving22	aae6efeSolving22a	30700	No Hints Used	aae6efeSolving	22
156	Spring 2022	2.2 Use a Problem Solving Strategy	f51f96d3616c690c05e60a004fbc4e0ff3c76fb6	aae6efeSolving23	aae6efeSolving23a	9840; 9840; 12300	No Hints Used	aae6efeSolving	23
157	Spring 2022	2.2 Use a Problem Solving Strategy	f51f96d3616c690c05e60a004fbc4e0ff3c76fb6	aae6efeSolving24	aae6efeSolving24a	54	No Hints Used	aae6efeSolving	24
158	Spring 2022	2.2 Use a Problem Solving Strategy	f51f96d3616c690c05e60a004fbc4e0ff3c76fb6	aae6efeSolving24	aae6efeSolving24b	108	No Hints Used	aae6efeSolving	24
159	Spring 2022	2.2 Use a Problem Solving Strategy	f51f96d3616c690c05e60a004fbc4e0ff3c76fb6	aae6efeSolving24	aae6efeSolving24c	30	No Hints Used	aae6efeSolving	24
160	Spring 2022	2.2 Use a Problem Solving Strategy	f51f96d3616c690c05e60a004fbc4e0ff3c76fb6	aae6efeSolving25	aae6efeSolving25a	135	No Hints Used	aae6efeSolving	25
161	Spring 2022	2.2 Use a Problem Solving Strategy	f51f96d3616c690c05e60a004fbc4e0ff3c76fb6	aae6efeSolving25	aae6efeSolving25b	1.84; 0.18; 45	No Hints Used	aae6efeSolving	25
162	Spring 2022	2.2 Use a Problem Solving Strategy	f51f96d3616c690c05e60a004fbc4e0ff3c76fb6	aae6efeSolving25	aae6efeSolving25c	20; 125	No Hints Used	aae6efeSolving	25
163	Spring 2022	2.2 Use a Problem Solving Strategy	f51f96d3616c690c05e60a004fbc4e0ff3c76fb6	aae6efeSolving28	aae6efeSolving28a	29.97	No Hints Used	aae6efeSolving	28
164	Spring 2022	2.2 Use a Problem Solving Strategy	f51f96d3616c690c05e60a004fbc4e0ff3c76fb6	aae6efeSolving3	aae6efeSolving3a	4	No Hints Used	aae6efeSolving	3
165	Spring 2022	2.2 Use a Problem Solving Strategy	f51f96d3616c690c05e60a004fbc4e0ff3c76fb6	aae6efeSolving4	aae6efeSolving4a	6	No Hints Used	aae6efeSolving	4
166	Spring 2022	2.2 Use a Problem Solving Strategy	f51f96d3616c690c05e60a004fbc4e0ff3c76fb6	aae6efeSolving5	aae6efeSolving5a	3	No Hints Used	aae6efeSolving	5
167	Spring 2022	2.2 Use a Problem Solving Strategy	f51f96d3616c690c05e60a004fbc4e0ff3c76fb6	aae6efeSolving6	aae6efeSolving6a	-6,-15; -3,-12	No Hints Used	aae6efeSolving	6
168	Spring 2022	2.2 Use a Problem Solving Strategy	f51f96d3616c690c05e60a004fbc4e0ff3c76fb6	aae6efeSolving7	aae6efeSolving7a	-10,-15; -8,-15	No Hints Used	aae6efeSolving	7
169	Spring 2022	2.2 Use a Problem Solving Strategy	f51f96d3616c690c05e60a004fbc4e0ff3c76fb6	aae6efeSolving8	aae6efeSolving8a	9,-31; 11,-29	No Hints Used	aae6efeSolving	8
170	Spring 2022	2.2 Use a Problem Solving Strategy	f51f96d3616c690c05e60a004fbc4e0ff3c76fb6	aae6efeSolving9	aae6efeSolving9a	-15,-16,-17; -17,-18,-19	No Hints Used	aae6efeSolving	9
171	Spring 2022	2.3 Solve a Formula for a Specific Variable	bbf7d507bbd2da1f84ff02c174006001e471b345	a1f9370SolvingFormul1	a1f9370SolvingFormul1a	h=3/2*V*pi^(-1)*r^(-1); h=3*V*pi^(-1)*r^(-2)	1.14; 2.1; 29.59	a1f9370SolvingFormul	1
172	Spring 2022	2.3 Solve a Formula for a Specific Variable	bbf7d507bbd2da1f84ff02c174006001e471b345	a1f9370SolvingFormul11	a1f9370SolvingFormul11a	y=(1+-5*x)*1/8; y=(1+-5*x)*1/8	0.76; 16.43; 0.83; 17.93	a1f9370SolvingFormul	11
173	Spring 2022	2.3 Solve a Formula for a Specific Variable	bbf7d507bbd2da1f84ff02c174006001e471b345	a1f9370SolvingFormul12	a1f9370SolvingFormul12a	t=(A+-1*P)*P^(-1)*t^(-1); t=(A+-1*P)*P^(-1)*t^(-1)	1.33; 8.92; 7.25; 1.92; 56.16	a1f9370SolvingFormul	12
174	Spring 2022	2.3 Solve a Formula for a Specific Variable	bbf7d507bbd2da1f84ff02c174006001e471b345	a1f9370SolvingFormul13	a1f9370SolvingFormul13a	5	1.18; 5.36	a1f9370SolvingFormul	13
175	Spring 2022	2.3 Solve a Formula for a Specific Variable	bbf7d507bbd2da1f84ff02c174006001e471b345	a1f9370SolvingFormul14	a1f9370SolvingFormul14a	8	1.42; 4.37	a1f9370SolvingFormul	14
176	Spring 2022	2.3 Solve a Formula for a Specific Variable	bbf7d507bbd2da1f84ff02c174006001e471b345	a1f9370SolvingFormul15	a1f9370SolvingFormul15a	12	1.08; 3.43	a1f9370SolvingFormul	15
177	Spring 2022	2.3 Solve a Formula for a Specific Variable	bbf7d507bbd2da1f84ff02c174006001e471b345	a1f9370SolvingFormul2	a1f9370SolvingFormul2a	b=2*A*h^(-1)	1.01; 1.04; 22.12	a1f9370SolvingFormul	2
178	Spring 2022	2.3 Solve a Formula for a Specific Variable	bbf7d507bbd2da1f84ff02c174006001e471b345	a1f9370SolvingFormul3	a1f9370SolvingFormul3a	h=24*b^(-1); h=2.4*b^(-1); h=2*A*b^(-1); nan; h=2*A*b^(-1)	1.07; 0.68; 19.62; 1.02; 0.96; 1.87	a1f9370SolvingFormul	3
179	Spring 2022	2.3 Solve a Formula for a Specific Variable	bbf7d507bbd2da1f84ff02c174006001e471b345	a1f9370SolvingFormul4	a1f9370SolvingFormul4a	F=9/5*C+32	1.03; 0.78; 28.32	a1f9370SolvingFormul	4
180	Spring 2022	2.3 Solve a Formula for a Specific Variable	bbf7d507bbd2da1f84ff02c174006001e471b345	a1f9370SolvingFormul5	a1f9370SolvingFormul5a	C=5/9*(F+-32)	1.16; 1.74; 31.24	a1f9370SolvingFormul	5
181	Spring 2022	2.3 Solve a Formula for a Specific Variable	bbf7d507bbd2da1f84ff02c174006001e471b345	a1f9370SolvingFormul8	a1f9370SolvingFormul8a	r=(A+-1*P)*P^(-1)*t^(-1)	1.08; 8.53; 1.83; 15.93	a1f9370SolvingFormul	8
182	Spring 2022	2.3 Solve a Formula for a Specific Variable	bbf7d507bbd2da1f84ff02c174006001e471b345	a1f9370SolvingFormul9	a1f9370SolvingFormul9a	(15+-8*x)*1/7; y=(15+-8*x)*1/7	1.0; 20.06	a1f9370SolvingFormul	9
183	Spring 2022	2.3 Solve a Formula for a Specific Variable	de64cf2a887d1dd989a7a6b283b019bec0f87a60	a1f9370SolvingFormul30	a1f9370SolvingFormul30a	15+-8*x; 15/8*x^(-1); 15+-8*x; y=15+-8*x; 15+-8*X; y=15+-8*X	10.73; 6.82	a1f9370SolvingFormul	30
184	Spring 2022	2.4 Solve Mixture and Uniform Motion Applications	aaf8e7a1f1b767b5fdcb7ef73276814f810e639f	aff0960mixture16	aff0960mixture16a	60 nickels and 8 pennies; 7 nickels and 59 pennies8 nickels and 60 dimes; 59 nickels and 7 pennies	No Hints Used	aff0960mixture	16
185	Spring 2022	2.4 Solve Mixture and Uniform Motion Applications	aaf8e7a1f1b767b5fdcb7ef73276814f810e639f	aff0960mixture16	aff0960mixture16b	9 nickels and 16 dimes	No Hints Used	aff0960mixture	16
186	Spring 2022	2.4 Solve Mixture and Uniform Motion Applications	aaf8e7a1f1b767b5fdcb7ef73276814f810e639f	aff0960mixture25	aff0960mixture25a	65 mph for Carina and 50 mph for her brother	No Hints Used	aff0960mixture	25
187	Spring 2022	2.4 Solve Mixture and Uniform Motion Applications	aaf8e7a1f1b767b5fdcb7ef73276814f810e639f	aff0960mixture25	aff0960mixture25b	77 general and 63 youth; 34 general and 61 youth	No Hints Used	aff0960mixture	25
188	Spring 2022	2.4 Solve Mixture and Uniform Motion Applications	aaf8e7a1f1b767b5fdcb7ef73276814f810e639f	aff0960mixture29	aff0960mixture29a	65 mph for Carina and 50 mph for her brother	No Hints Used	aff0960mixture	29
189	Spring 2022	2.4 Solve Mixture and Uniform Motion Applications	aaf8e7a1f1b767b5fdcb7ef73276814f810e639f	aff0960mixture29	aff0960mixture29b	Kathy's speed: 5 mph, Cheryl's speed: 3 mph	No Hints Used	aff0960mixture	29
190	Spring 2022	2.4 Solve Mixture and Uniform Motion Applications	bbf7d507bbd2da1f84ff02c174006001e471b345	aff0960mixture16	aff0960mixture16a	60 nickels and 8 pennies; 59 nickels and 7 pennies	No Hints Used	aff0960mixture	16
191	Spring 2022	2.4 Solve Mixture and Uniform Motion Applications	bbf7d507bbd2da1f84ff02c174006001e471b345	aff0960mixture16	aff0960mixture16b	9 nickels and 16 dimes	No Hints Used	aff0960mixture	16
192	Spring 2022	2.4 Solve Mixture and Uniform Motion Applications	bbf7d507bbd2da1f84ff02c174006001e471b345	aff0960mixture17	aff0960mixture17a	41 nickels and 18 quarters	No Hints Used	aff0960mixture	17
193	Spring 2022	2.4 Solve Mixture and Uniform Motion Applications	bbf7d507bbd2da1f84ff02c174006001e471b345	aff0960mixture17	aff0960mixture17b	10 $10 bills and 5 $5 bills	No Hints Used	aff0960mixture	17
194	Spring 2022	2.4 Solve Mixture and Uniform Motion Applications	bbf7d507bbd2da1f84ff02c174006001e471b345	aff0960mixture18	aff0960mixture18a	7 $5 bills and 23 $10 bills; 25 $5 bills and 7 $10 bills; 25 49-cent stamps and 10 35-cent stamps.	No Hints Used	aff0960mixture	18
195	Spring 2022	2.4 Solve Mixture and Uniform Motion Applications	bbf7d507bbd2da1f84ff02c174006001e471b345	aff0960mixture18	aff0960mixture18b	3 $5 bills and 7 $10 bills; 15 $5 bills and 20 $10 bills; 7 $5 bills and 21 $10 bills; 3 $5 bills and 7 $10 bills; 15 $5 bills and 20 $10 bills; 21 $5 bills and 7 $10 bills	No Hints Used	aff0960mixture	18
196	Spring 2022	2.4 Solve Mixture and Uniform Motion Applications	bbf7d507bbd2da1f84ff02c174006001e471b345	aff0960mixture19	aff0960mixture19a	25 passengers paying $32 and 14 passengers paying $26; 26 passengers paying $32 and 10 passengers paying $26; 35 passengers paying $32 and 14 passengers paying $26; 26 passengers paying $32 and 14 passengers paying $26	No Hints Used	aff0960mixture	19
197	Spring 2022	2.4 Solve Mixture and Uniform Motion Applications	bbf7d507bbd2da1f84ff02c174006001e471b345	aff0960mixture19	aff0960mixture19b	89 dimes and 52 quarters; 42 dimes and 30 quarters; 27 dimes and 34 quarters; 63 dimes and 20 quarters	No Hints Used	aff0960mixture	19
198	Spring 2022	2.4 Solve Mixture and Uniform Motion Applications	bbf7d507bbd2da1f84ff02c174006001e471b345	aff0960mixture21	aff0960mixture21a	5 pounds of cereal squares and 30 pounds of nuts; 5 pounds of cereal squares and 35 pounds of nuts; 5 pounds of cereal squares and 25 pounds of nuts	No Hints Used	aff0960mixture	21
199	Spring 2022	2.4 Solve Mixture and Uniform Motion Applications	bbf7d507bbd2da1f84ff02c174006001e471b345	aff0960mixture21	aff0960mixture21b	330 day passes and 367 tournament passes	No Hints Used	aff0960mixture	21
200	Spring 2022	2.4 Solve Mixture and Uniform Motion Applications	bbf7d507bbd2da1f84ff02c174006001e471b345	aff0960mixture25	aff0960mixture25a	80 mph for Carina and 45 mph for her brother; 65 mph for Carina and 50 mph for her brother	No Hints Used	aff0960mixture	25
201	Spring 2022	2.4 Solve Mixture and Uniform Motion Applications	bbf7d507bbd2da1f84ff02c174006001e471b345	aff0960mixture25	aff0960mixture25b	34 general and 61 youth	No Hints Used	aff0960mixture	25
202	Spring 2022	2.4 Solve Mixture and Uniform Motion Applications	bbf7d507bbd2da1f84ff02c174006001e471b345	aff0960mixture26	aff0960mixture26a	50 mph for Christopher and 45 mph for his parents; 50 mph for Christopher and 40 mph for his parents	No Hints Used	aff0960mixture	26
203	Spring 2022	2.4 Solve Mixture and Uniform Motion Applications	bbf7d507bbd2da1f84ff02c174006001e471b345	aff0960mixture26	aff0960mixture26b	72 general and 333 student; 24 general and 156 student; 114 general and 246 student	No Hints Used	aff0960mixture	26
204	Spring 2022	2.4 Solve Mixture and Uniform Motion Applications	bbf7d507bbd2da1f84ff02c174006001e471b345	aff0960mixture29	aff0960mixture29a	65 mph for Carina and 50 mph for her brother	No Hints Used	aff0960mixture	29
205	Spring 2022	2.4 Solve Mixture and Uniform Motion Applications	bbf7d507bbd2da1f84ff02c174006001e471b345	aff0960mixture29	aff0960mixture29b	Kathy's speed: 2 mph, Cheryl's speed: 7 mph; Kathy's speed: 4 mph, Cheryl's speed: 6 mph; Kathy's speed: 5 mph, Cheryl's speed: 3 mph	No Hints Used	aff0960mixture	29
206	Spring 2022	2.4 Solve Mixture and Uniform Motion Applications	f51f96d3616c690c05e60a004fbc4e0ff3c76fb6	aff0960mixture16	aff0960mixture16a	60 nickels and 8 pennies; 7 nickels and 59 pennies8 nickels and 60 dimes; 59 nickels and 7 pennies	No Hints Used	aff0960mixture	16
207	Spring 2022	2.4 Solve Mixture and Uniform Motion Applications	f51f96d3616c690c05e60a004fbc4e0ff3c76fb6	aff0960mixture16	aff0960mixture16b	9 nickels and 16 dimes	No Hints Used	aff0960mixture	16
208	Spring 2022	2.4 Solve Mixture and Uniform Motion Applications	f51f96d3616c690c05e60a004fbc4e0ff3c76fb6	aff0960mixture17	aff0960mixture17a	40 nickels and 17 quarters; 36 nickels and 10 quarters; 41 nickels and 18 quarters	No Hints Used	aff0960mixture	17
209	Spring 2022	2.4 Solve Mixture and Uniform Motion Applications	f51f96d3616c690c05e60a004fbc4e0ff3c76fb6	aff0960mixture17	aff0960mixture17b	10 $10 bills and 5 $5 bills	No Hints Used	aff0960mixture	17
210	Spring 2022	2.4 Solve Mixture and Uniform Motion Applications	f51f96d3616c690c05e60a004fbc4e0ff3c76fb6	aff0960mixture18	aff0960mixture18a	24 49-cent stamps and 8 35-cent stamps.; 25 $5 bills and 7 $10 bills; 25 49-cent stamps and 10 35-cent stamps.	No Hints Used	aff0960mixture	18
211	Spring 2022	2.4 Solve Mixture and Uniform Motion Applications	f51f96d3616c690c05e60a004fbc4e0ff3c76fb6	aff0960mixture18	aff0960mixture18b	3 $5 bills and 7 $10 bills; 21 $5 bills and 7 $10 bills	No Hints Used	aff0960mixture	18
212	Spring 2022	2.4 Solve Mixture and Uniform Motion Applications	f51f96d3616c690c05e60a004fbc4e0ff3c76fb6	aff0960mixture19	aff0960mixture19a	26 passengers paying $32 and 10 passengers paying $26; 25 passengers paying $32 and 14 passengers paying $26; 35 passengers paying $32 and 14 passengers paying $26; 26 passengers paying $32 and 14 passengers paying $26	No Hints Used	aff0960mixture	19
213	Spring 2022	2.4 Solve Mixture and Uniform Motion Applications	f51f96d3616c690c05e60a004fbc4e0ff3c76fb6	aff0960mixture19	aff0960mixture19b	63 dimes and 20 quarters	No Hints Used	aff0960mixture	19
214	Spring 2022	2.4 Solve Mixture and Uniform Motion Applications	f51f96d3616c690c05e60a004fbc4e0ff3c76fb6	aff0960mixture20	aff0960mixture20a	10 pounds of raisins and 15 pounds of nuts	No Hints Used	aff0960mixture	20
215	Spring 2022	2.4 Solve Mixture and Uniform Motion Applications	f51f96d3616c690c05e60a004fbc4e0ff3c76fb6	aff0960mixture20	aff0960mixture20b	89 dimes and 52 quarters; 7 dimes and 36 quarters	No Hints Used	aff0960mixture	20
216	Spring 2022	2.4 Solve Mixture and Uniform Motion Applications	f51f96d3616c690c05e60a004fbc4e0ff3c76fb6	aff0960mixture21	aff0960mixture21a	5 pounds of cereal squares and 35 pounds of nuts; 15 pounds of cereal squares and 25 pounds of nuts; 5 pounds of cereal squares and 25 pounds of nuts	No Hints Used	aff0960mixture	21
217	Spring 2022	2.4 Solve Mixture and Uniform Motion Applications	f51f96d3616c690c05e60a004fbc4e0ff3c76fb6	aff0960mixture21	aff0960mixture21b	620 day passes and 35 tournament passes; 330 day passes and 367 tournament passes	No Hints Used	aff0960mixture	21
218	Spring 2022	2.4 Solve Mixture and Uniform Motion Applications	f51f96d3616c690c05e60a004fbc4e0ff3c76fb6	aff0960mixture22	aff0960mixture22a	24 gallons of fruit juice and 8 gallons of soda; 25 gallons of fruit juice and 7 gallons of soda; 21 gallons of fruit juice and 8 gallons of soda; 21 gallons of fruit juice and 7 gallons of soda	No Hints Used	aff0960mixture	22
219	Spring 2022	2.4 Solve Mixture and Uniform Motion Applications	f51f96d3616c690c05e60a004fbc4e0ff3c76fb6	aff0960mixture22	aff0960mixture22b	22 adult passes and 75 tournament passes; 112 adult passes and 199 tournament passes	No Hints Used	aff0960mixture	22
220	Spring 2022	2.4 Solve Mixture and Uniform Motion Applications	f51f96d3616c690c05e60a004fbc4e0ff3c76fb6	aff0960mixture23	aff0960mixture23a	25 mph for Wayne and 32 mph for Dennis; 18 mph for Wayne and 25 mph for Dennis; 21 mph for Wayne and 28 mph for Dennis; 40 postcards and 100 stamps	No Hints Used	aff0960mixture	23
221	Spring 2022	2.4 Solve Mixture and Uniform Motion Applications	f51f96d3616c690c05e60a004fbc4e0ff3c76fb6	aff0960mixture23	aff0960mixture23b	40 postcards and 100 stamps	No Hints Used	aff0960mixture	23
222	Spring 2022	2.4 Solve Mixture and Uniform Motion Applications	f51f96d3616c690c05e60a004fbc4e0ff3c76fb6	aff0960mixture24	aff0960mixture24a	48 mph for local train and 65 mph for express train; 48 mph for local train and 60 mph for express train	No Hints Used	aff0960mixture	24
223	Spring 2022	2.4 Solve Mixture and Uniform Motion Applications	f51f96d3616c690c05e60a004fbc4e0ff3c76fb6	aff0960mixture24	aff0960mixture24b	21 $10 shares and 3 $12 shares; 8 $10 shares and 12 $12 shares; 15 $10 shares and 5 $12 shares	No Hints Used	aff0960mixture	24
224	Spring 2022	2.4 Solve Mixture and Uniform Motion Applications	f51f96d3616c690c05e60a004fbc4e0ff3c76fb6	aff0960mixture25	aff0960mixture25a	60 mph for Carina and 55 mph for her brother; 65 mph for Carina and 50 mph for her brother	No Hints Used	aff0960mixture	25
225	Spring 2022	2.4 Solve Mixture and Uniform Motion Applications	f51f96d3616c690c05e60a004fbc4e0ff3c76fb6	aff0960mixture25	aff0960mixture25b	32 general and 42 youth; 20 general and 30 youth; 34 general and 61 youth	No Hints Used	aff0960mixture	25
226	Spring 2022	2.4 Solve Mixture and Uniform Motion Applications	f51f96d3616c690c05e60a004fbc4e0ff3c76fb6	aff0960mixture26	aff0960mixture26a	50 mph for Christopher and 40 mph for his parents	No Hints Used	aff0960mixture	26
227	Spring 2022	2.4 Solve Mixture and Uniform Motion Applications	f51f96d3616c690c05e60a004fbc4e0ff3c76fb6	aff0960mixture26	aff0960mixture26b	24 general and 156 student; 114 general and 246 student	No Hints Used	aff0960mixture	26
228	Spring 2022	2.4 Solve Mixture and Uniform Motion Applications	f51f96d3616c690c05e60a004fbc4e0ff3c76fb6	aff0960mixture27	aff0960mixture27a	3.5 hours; 2 hours; 2.5 hours	No Hints Used	aff0960mixture	27
229	Spring 2022	2.4 Solve Mixture and Uniform Motion Applications	f51f96d3616c690c05e60a004fbc4e0ff3c76fb6	aff0960mixture27	aff0960mixture27b	2 pounds of macadamia nuts and 9 pounds almonds; 12 pounds of macadamia nuts and 3 pounds almonds; 3 pounds of macadamia nuts and 6 pounds almonds; 4 pounds of macadamia nuts and 8 pounds almonds	No Hints Used	aff0960mixture	27
230	Spring 2022	2.4 Solve Mixture and Uniform Motion Applications	f51f96d3616c690c05e60a004fbc4e0ff3c76fb6	aff0960mixture28	aff0960mixture28a	3.5 hours; 2.5 hours; 3 hours	No Hints Used	aff0960mixture	28
231	Spring 2022	2.4 Solve Mixture and Uniform Motion Applications	f51f96d3616c690c05e60a004fbc4e0ff3c76fb6	aff0960mixture28	aff0960mixture28b	4.3 lbs Bermuda seed and 4.7 lbs Fescue seed; 1.2 lbs Bermuda seed and 7.3 lbs Fescue seed; 2 lbs Bermuda seed and 3.4 lbs Fescue seed; 3.6 lbs Bermuda seed and 5.4 lbs Fescue seed	No Hints Used	aff0960mixture	28
232	Spring 2022	2.4 Solve Mixture and Uniform Motion Applications	f51f96d3616c690c05e60a004fbc4e0ff3c76fb6	aff0960mixture29	aff0960mixture29a	65 mph for Carina and 50 mph for her brother	No Hints Used	aff0960mixture	29
233	Spring 2022	2.4 Solve Mixture and Uniform Motion Applications	f51f96d3616c690c05e60a004fbc4e0ff3c76fb6	aff0960mixture29	aff0960mixture29b	Kathy's speed: 3 mph, Cheryl's speed: 5 mph; Kathy's speed: 4 mph, Cheryl's speed: 6 mph; Kathy's speed: 2 mph, Cheryl's speed: 7 mph; Kathy's speed: 5 mph, Cheryl's speed: 3 mph	No Hints Used	aff0960mixture	29
234	Spring 2022	2.4 Solve Mixture and Uniform Motion Applications	f51f96d3616c690c05e60a004fbc4e0ff3c76fb6	aff0960mixture30	aff0960mixture30a	12 mph for running and 16 mph for biking; 12 mph for running and 19 mph for biking; 10 mph for running and 16 mph for biking	No Hints Used	aff0960mixture	30
235	Spring 2022	2.4 Solve Mixture and Uniform Motion Applications	f51f96d3616c690c05e60a004fbc4e0ff3c76fb6	aff0960mixture30	aff0960mixture30b	Commercial 600 mph, private plane 320 mph; Commercial 550 mph, private plane 340 mph	No Hints Used	aff0960mixture	30
236	Spring 2022	2.5 Solve Linear Inequalities	46b7f41636f9d82b419bc0e65f0320ad55900c47	aded0eclinear1	aded0eclinear1a	[-3, inf)	No Hints Used	aded0eclinear	1
237	Spring 2022	2.5 Solve Linear Inequalities	46b7f41636f9d82b419bc0e65f0320ad55900c47	aded0eclinear1	aded0eclinear1c	(-inf, -3/5)	No Hints Used	aded0eclinear	1
238	Spring 2022	2.5 Solve Linear Inequalities	aaf8e7a1f1b767b5fdcb7ef73276814f810e639f	aded0eclinear1	aded0eclinear1a	[-3, 0]; [-3, inf)	No Hints Used	aded0eclinear	1
239	Spring 2022	2.5 Solve Linear Inequalities	aaf8e7a1f1b767b5fdcb7ef73276814f810e639f	aded0eclinear1	aded0eclinear1b	(2.5, inf); [-inf, 2.5); (-inf, 2.5]; (2.5, inf); (-inf, 2.5)	No Hints Used	aded0eclinear	1
240	Spring 2022	2.5 Solve Linear Inequalities	aaf8e7a1f1b767b5fdcb7ef73276814f810e639f	aded0eclinear1	aded0eclinear1c	(-3/5, inf]; (-inf, -3/5); [-3/5, inf]; (-inf, -3/5]	No Hints Used	aded0eclinear	1
241	Spring 2022	2.5 Solve Linear Inequalities	aaf8e7a1f1b767b5fdcb7ef73276814f810e639f	aded0eclinear18	aded0eclinear18a	f<7/30	No Hints Used	aded0eclinear	18
242	Spring 2022	2.5 Solve Linear Inequalities	aaf8e7a1f1b767b5fdcb7ef73276814f810e639f	aded0eclinear2	aded0eclinear2a	(-inf, 2); (-inf, 2]; [2, inf); (2, inf)	No Hints Used	aded0eclinear	2
243	Spring 2022	2.5 Solve Linear Inequalities	aaf8e7a1f1b767b5fdcb7ef73276814f810e639f	aded0eclinear2	aded0eclinear2b	(-1.5, inf); (-inf, -1.5); [-1.5, inf); [-1.5, inf); (-inf, -1.5]	No Hints Used	aded0eclinear	2
244	Spring 2022	2.5 Solve Linear Inequalities	aaf8e7a1f1b767b5fdcb7ef73276814f810e639f	aded0eclinear2	aded0eclinear2c	(3/4, inf); [3/4, inf)	No Hints Used	aded0eclinear	2
245	Spring 2022	2.5 Solve Linear Inequalities	aaf8e7a1f1b767b5fdcb7ef73276814f810e639f	aded0eclinear24	aded0eclinear24a	x>9	No Hints Used	aded0eclinear	24
246	Spring 2022	2.5 Solve Linear Inequalities	aaf8e7a1f1b767b5fdcb7ef73276814f810e639f	aded0eclinear5	aded0eclinear5a	(-2, 1]; [-2, 1]; (-2,1)	No Hints Used	aded0eclinear	5
247	Spring 2022	2.5 Solve Linear Inequalities	aaf8e7a1f1b767b5fdcb7ef73276814f810e639f	aded0eclinear5	aded0eclinear5b	(-5,-4); [-5, -4]; (-5, -4]; [-5, -4)	No Hints Used	aded0eclinear	5
248	Spring 2022	2.5 Solve Linear Inequalities	aaf8e7a1f1b767b5fdcb7ef73276814f810e639f	aded0eclinear5	aded0eclinear5c	[1, 4.25); (1, 4.25); [1, 4.25]	No Hints Used	aded0eclinear	5
249	Spring 2022	2.5 Solve Linear Inequalities	aaf8e7a1f1b767b5fdcb7ef73276814f810e639f	aded0eclinear8	aded0eclinear8a	(9, inf); [5, inf); [54, inf); (-inf, 6)	No Hints Used	aded0eclinear	8
250	Spring 2022	2.5 Solve Linear Inequalities	bbf7d507bbd2da1f84ff02c174006001e471b345	aded0eclinear22	aded0eclinear22a	c>-14	No Hints Used	aded0eclinear	22
251	Spring 2022	2.5 Solve Linear Inequalities	bbf7d507bbd2da1f84ff02c174006001e471b345	aded0eclinear23	aded0eclinear23a	d<15; d<-15	No Hints Used	aded0eclinear	23
252	Spring 2022	2.5 Solve Linear Inequalities	bbf7d507bbd2da1f84ff02c174006001e471b345	aded0eclinear28	aded0eclinear28a	a>=-27	No Hints Used	aded0eclinear	28
253	Spring 2022	2.5 Solve Linear Inequalities	f51f96d3616c690c05e60a004fbc4e0ff3c76fb6	aded0eclinear1	aded0eclinear1a	(-3,0); [-3, inf)	No Hints Used	aded0eclinear	1
254	Spring 2022	2.5 Solve Linear Inequalities	f51f96d3616c690c05e60a004fbc4e0ff3c76fb6	aded0eclinear1	aded0eclinear1b	(-inf, 2.5)	No Hints Used	aded0eclinear	1
255	Spring 2022	2.5 Solve Linear Inequalities	f51f96d3616c690c05e60a004fbc4e0ff3c76fb6	aded0eclinear1	aded0eclinear1c	(-inf, -3/5); (-inf, -3/5]	No Hints Used	aded0eclinear	1
256	Spring 2022	2.5 Solve Linear Inequalities	f51f96d3616c690c05e60a004fbc4e0ff3c76fb6	aded0eclinear17	aded0eclinear17a	-17/24	0.88; 1.87; nan	aded0eclinear	17
257	Spring 2022	2.5 Solve Linear Inequalities	f51f96d3616c690c05e60a004fbc4e0ff3c76fb6	aded0eclinear2	aded0eclinear2a	(-inf, 2); (-inf, 2]; (2, inf)	No Hints Used	aded0eclinear	2
258	Spring 2022	2.5 Solve Linear Inequalities	f51f96d3616c690c05e60a004fbc4e0ff3c76fb6	aded0eclinear2	aded0eclinear2b	(-inf, -1.5]	No Hints Used	aded0eclinear	2
259	Spring 2022	2.5 Solve Linear Inequalities	f51f96d3616c690c05e60a004fbc4e0ff3c76fb6	aded0eclinear2	aded0eclinear2c	(-inf, 3/4]; (3/4, inf); (-inf, 3/4); [3/4, inf)	No Hints Used	aded0eclinear	2
260	Spring 2022	2.5 Solve Linear Inequalities	f51f96d3616c690c05e60a004fbc4e0ff3c76fb6	aded0eclinear5	aded0eclinear5a	(-2,1)	No Hints Used	aded0eclinear	5
261	Spring 2022	2.5 Solve Linear Inequalities	f51f96d3616c690c05e60a004fbc4e0ff3c76fb6	aded0eclinear5	aded0eclinear5b	[-5, -4)	No Hints Used	aded0eclinear	5
262	Spring 2022	2.5 Solve Linear Inequalities	f51f96d3616c690c05e60a004fbc4e0ff3c76fb6	aded0eclinear5	aded0eclinear5c	(1, 4.25]; [1, 4.25]	No Hints Used	aded0eclinear	5
263	Spring 2022	2.6 Solve Compound Inequalities	0bfb70fbcdf78069bd40d74a611504a118af0ed9	a3d9e92Inequality11	a3d9e92Inequality11a	[-2,2)	No Hints Used	a3d9e92Inequality	11
264	Spring 2022	2.6 Solve Compound Inequalities	0bfb70fbcdf78069bd40d74a611504a118af0ed9	a3d9e92Inequality14	a3d9e92Inequality14a	(1,8)	1.2; 2.19; 9.25; nan	a3d9e92Inequality	14
265	Spring 2022	2.6 Solve Compound Inequalities	0bfb70fbcdf78069bd40d74a611504a118af0ed9	a3d9e92Inequality15	a3d9e92Inequality15a	(-2,2)	No Hints Used	a3d9e92Inequality	15
266	Spring 2022	2.6 Solve Compound Inequalities	0bfb70fbcdf78069bd40d74a611504a118af0ed9	a3d9e92Inequality3	a3d9e92Inequality3a	(-2,4]	No Hints Used	a3d9e92Inequality	3
267	Spring 2022	2.6 Solve Compound Inequalities	35d94c4be7e4c508baa4f33b15d48a1c606bbf0d	a3d9e92Inequality10	a3d9e92Inequality10a	[-1,2)	No Hints Used	a3d9e92Inequality	10
268	Spring 2022	2.6 Solve Compound Inequalities	35d94c4be7e4c508baa4f33b15d48a1c606bbf0d	a3d9e92Inequality11	a3d9e92Inequality11a	(-2,-2]; [-2,-2]; (-2,-2]; [-2,-2); [-2,2)	1.01; 0.91; 2.92; 5.03	a3d9e92Inequality	11
269	Spring 2022	2.6 Solve Compound Inequalities	35d94c4be7e4c508baa4f33b15d48a1c606bbf0d	a3d9e92Inequality12	a3d9e92Inequality12a	[-3,-1]	No Hints Used	a3d9e92Inequality	12
270	Spring 2022	2.6 Solve Compound Inequalities	35d94c4be7e4c508baa4f33b15d48a1c606bbf0d	a3d9e92Inequality13	a3d9e92Inequality13a	(-1,3/2]	3.28; 0.53; 1.68; 11.6	a3d9e92Inequality	13
271	Spring 2022	2.6 Solve Compound Inequalities	35d94c4be7e4c508baa4f33b15d48a1c606bbf0d	a3d9e92Inequality14	a3d9e92Inequality14a	(8,1); (1,8); (-8,1); (-3,-1); (3,8)	0.85; 0.79; 11.67; 10.64	a3d9e92Inequality	14
272	Spring 2022	2.6 Solve Compound Inequalities	35d94c4be7e4c508baa4f33b15d48a1c606bbf0d	a3d9e92Inequality15	a3d9e92Inequality15a	(-00,2) U (-2,00); (-2,2)	1.57; 1.34; 3.62; 14.09	a3d9e92Inequality	15
273	Spring 2022	2.6 Solve Compound Inequalities	35d94c4be7e4c508baa4f33b15d48a1c606bbf0d	a3d9e92Inequality2	a3d9e92Inequality2a	[1,3)	No Hints Used	a3d9e92Inequality	2
274	Spring 2022	2.6 Solve Compound Inequalities	35d94c4be7e4c508baa4f33b15d48a1c606bbf0d	a3d9e92Inequality3	a3d9e92Inequality3a	(-2,4]	1.97; 11.24	a3d9e92Inequality	3
275	Spring 2022	2.6 Solve Compound Inequalities	35d94c4be7e4c508baa4f33b15d48a1c606bbf0d	a3d9e92Inequality4	a3d9e92Inequality4a	[-4,-1]	No Hints Used	a3d9e92Inequality	4
276	Spring 2022	2.6 Solve Compound Inequalities	35d94c4be7e4c508baa4f33b15d48a1c606bbf0d	a3d9e92Inequality5	a3d9e92Inequality5a	(-6,-3)	No Hints Used	a3d9e92Inequality	5
277	Spring 2022	2.6 Solve Compound Inequalities	aaf8e7a1f1b767b5fdcb7ef73276814f810e639f	a3d9e92Inequality10	a3d9e92Inequality10a	[-1,2)	No Hints Used	a3d9e92Inequality	10
278	Spring 2022	2.6 Solve Compound Inequalities	aaf8e7a1f1b767b5fdcb7ef73276814f810e639f	a3d9e92Inequality11	a3d9e92Inequality11a	[-2,2)	No Hints Used	a3d9e92Inequality	11
279	Spring 2022	2.6 Solve Compound Inequalities	aaf8e7a1f1b767b5fdcb7ef73276814f810e639f	a3d9e92Inequality12	a3d9e92Inequality12a	[-3,-1]	No Hints Used	a3d9e92Inequality	12
280	Spring 2022	2.6 Solve Compound Inequalities	aaf8e7a1f1b767b5fdcb7ef73276814f810e639f	a3d9e92Inequality13	a3d9e92Inequality13a	[-1,3/2]; [-1, 3/2 ]; [-1, 3/2]; (-1, 3/2]	0.89; 0.87; 0.88; 10.05	a3d9e92Inequality	13
281	Spring 2022	2.6 Solve Compound Inequalities	aaf8e7a1f1b767b5fdcb7ef73276814f810e639f	a3d9e92Inequality14	a3d9e92Inequality14a	(1,8); (3,8)	1.63; 0.85; 1.14; 11.34	a3d9e92Inequality	14
282	Spring 2022	2.6 Solve Compound Inequalities	aaf8e7a1f1b767b5fdcb7ef73276814f810e639f	a3d9e92Inequality15	a3d9e92Inequality15a	(-2,2)	No Hints Used	a3d9e92Inequality	15
283	Spring 2022	2.6 Solve Compound Inequalities	aaf8e7a1f1b767b5fdcb7ef73276814f810e639f	a3d9e92Inequality2	a3d9e92Inequality2a	[1,3)	No Hints Used	a3d9e92Inequality	2
284	Spring 2022	2.6 Solve Compound Inequalities	aaf8e7a1f1b767b5fdcb7ef73276814f810e639f	a3d9e92Inequality3	a3d9e92Inequality3a	(-2,4]	No Hints Used	a3d9e92Inequality	3
285	Spring 2022	2.6 Solve Compound Inequalities	aaf8e7a1f1b767b5fdcb7ef73276814f810e639f	a3d9e92Inequality4	a3d9e92Inequality4a	[-4,-1]	No Hints Used	a3d9e92Inequality	4
286	Spring 2022	2.6 Solve Compound Inequalities	aaf8e7a1f1b767b5fdcb7ef73276814f810e639f	a3d9e92Inequality5	a3d9e92Inequality5a	(-6,-3); (-6,-3)	No Hints Used	a3d9e92Inequality	5
287	Spring 2022	2.6 Solve Compound Inequalities	aaf8e7a1f1b767b5fdcb7ef73276814f810e639f	a3d9e92Inequality6	a3d9e92Inequality6a	(- ,-2] u (3,); (- ,-2] u (3,); (- ,-2] u (3,) ; (- ,-2] u ( 3,) ; (- ,-2] u ( 3, ) ; (-  ,-2] u ( 3, ) ; (-  ,-2]  U ( 3, ) ; (-  ,-2) U ( 3, ) ; nan; (-inf,-2]U(3,inf); (-inf,2]U(3,inf); (-inf,-2]U(3,inf)	1.08; 0.95; 5.8	a3d9e92Inequality	6
288	Spring 2022	2.6 Solve Compound Inequalities	aaf8e7a1f1b767b5fdcb7ef73276814f810e639f	a3d9e92Inequality7	a3d9e92Inequality7a	(-inf, -4)U(-3,inf); (-inf, -4]U(-3,inf)	1.11; 1.69; 12.54	a3d9e92Inequality	7
289	Spring 2022	2.6 Solve Compound Inequalities	aaf8e7a1f1b767b5fdcb7ef73276814f810e639f	a3d9e92Inequality8	a3d9e92Inequality8a	X < 2 or >5; X < 2 l; X < 2 or >; X < 2 or >; X<2 ; X<2 or x>_ 5; X<2 or x >; X<2 or x >; 2 u 5; (2) u(5); (-inf,2) u (5,inf); (-inf,2) u [5,inf); (-inf,2) u [5, inf); (-inf,2) u [5, inf ); (-inf, 2) u [5, inf ); (Inf,2)U(5,inf); (inf,2)U(5,inf); (inf,2)U[5,inf); (inf,2)U [5,inf); (-inf,2)U [5,inf); (-inf,2) U [5,inf); -inf,2) U [5,inf); -inf, 2) u (5, inf); (-inf, 2) u (5, inf); (-inf, 2) U (5, inf); (-inf, 2) U(5, inf); (-inf, 2)U(5, inf); -inf, 2)U(5, inf)	0.84; 0.67; 5.53; 0.93; 0.77; 14.06	a3d9e92Inequality	8
290	Spring 2022	2.6 Solve Compound Inequalities	aaf8e7a1f1b767b5fdcb7ef73276814f810e639f	a3d9e92Inequality9	a3d9e92Inequality9a	(-inf,0) u[4,inf); (-inf,0)U(4,inf)	No Hints Used	a3d9e92Inequality	9
291	Spring 2022	2.6 Solve Compound Inequalities	bbf7d507bbd2da1f84ff02c174006001e471b345	a3d9e92Inequality10	a3d9e92Inequality10a	[-1, 2)	0.87; 0.79; 0.81; 6.28	a3d9e92Inequality	10
292	Spring 2022	2.6 Solve Compound Inequalities	bbf7d507bbd2da1f84ff02c174006001e471b345	a3d9e92Inequality11	a3d9e92Inequality11a	[-2, 2)	1.26; 1.02; 0.99; 12.3	a3d9e92Inequality	11
293	Spring 2022	2.6 Solve Compound Inequalities	bbf7d507bbd2da1f84ff02c174006001e471b345	a3d9e92Inequality12	a3d9e92Inequality12a	 [-3, -1]	1.03; 1.03; 0.76; 5.1	a3d9e92Inequality	12
294	Spring 2022	2.6 Solve Compound Inequalities	bbf7d507bbd2da1f84ff02c174006001e471b345	a3d9e92Inequality13	a3d9e92Inequality13a	(-1, 3/2]	1.22; 1.16; 0.94; 6.18	a3d9e92Inequality	13
295	Spring 2022	2.6 Solve Compound Inequalities	bbf7d507bbd2da1f84ff02c174006001e471b345	a3d9e92Inequality14	a3d9e92Inequality14a	(3, 8)	1.24; 0.82; 0.97; 8.06	a3d9e92Inequality	14
296	Spring 2022	2.6 Solve Compound Inequalities	bbf7d507bbd2da1f84ff02c174006001e471b345	a3d9e92Inequality15	a3d9e92Inequality15a	(-2, 2)	1.02; 0.94; 2.35; 5.48	a3d9e92Inequality	15
297	Spring 2022	2.6 Solve Compound Inequalities	bbf7d507bbd2da1f84ff02c174006001e471b345	a3d9e92Inequality2	a3d9e92Inequality2a	 [1, 3)	0.92; 0.69; 9.03	a3d9e92Inequality	2
298	Spring 2022	2.6 Solve Compound Inequalities	bbf7d507bbd2da1f84ff02c174006001e471b345	a3d9e92Inequality3	a3d9e92Inequality3a	(-2, 4]	1.54; 1.07; 11.46	a3d9e92Inequality	3
299	Spring 2022	2.6 Solve Compound Inequalities	bbf7d507bbd2da1f84ff02c174006001e471b345	a3d9e92Inequality4	a3d9e92Inequality4a	[-4, -1]	1.09; 0.84; 7.26	a3d9e92Inequality	4
300	Spring 2022	2.6 Solve Compound Inequalities	bbf7d507bbd2da1f84ff02c174006001e471b345	a3d9e92Inequality5	a3d9e92Inequality5a	(-6, -3)	0.85; 0.88; 9.33	a3d9e92Inequality	5
301	Spring 2022	2.6 Solve Compound Inequalities	bbf7d507bbd2da1f84ff02c174006001e471b345	a3d9e92Inequality6	a3d9e92Inequality6a	(-inf, -2] U (3, inf)	1.08; 0.78; 7.99	a3d9e92Inequality	6
302	Spring 2022	2.6 Solve Compound Inequalities	bbf7d507bbd2da1f84ff02c174006001e471b345	a3d9e92Inequality7	a3d9e92Inequality7a	(-inf, -4] U (-3, inf)	0.85; 0.72; 7.9	a3d9e92Inequality	7
303	Spring 2022	2.6 Solve Compound Inequalities	bbf7d507bbd2da1f84ff02c174006001e471b345	a3d9e92Inequality8	a3d9e92Inequality8a	-inf, 2) U (5, inf; (-inf, 2) U (5, in); (-inf, 2) U (5, in]; (-inf, 2) U [5, in); (-inf, 2) U [5, in); (-inf, 2) U [5, in); (-inf, 2) U [5, in); (-inf, 2) U [5, in);  -inf, 2) U (5, inf)	0.9; 0.94; 7.94	a3d9e92Inequality	8
304	Spring 2022	2.6 Solve Compound Inequalities	bbf7d507bbd2da1f84ff02c174006001e471b345	a3d9e92Inequality9	a3d9e92Inequality9a	(-inf,0) U (4, inf)	1.11; 1.0; 12.75	a3d9e92Inequality	9
305	Spring 2022	2.6 Solve Compound Inequalities	f128d8e4164c71040a472d438141743a8e37749c	a3d9e92Inequality10	a3d9e92Inequality10a	[-1,2); [-1,2)	No Hints Used	a3d9e92Inequality	10
306	Spring 2022	2.6 Solve Compound Inequalities	f128d8e4164c71040a472d438141743a8e37749c	a3d9e92Inequality11	a3d9e92Inequality11a	[-2,2)	No Hints Used	a3d9e92Inequality	11
307	Spring 2022	2.6 Solve Compound Inequalities	f128d8e4164c71040a472d438141743a8e37749c	a3d9e92Inequality12	a3d9e92Inequality12a	[-1,-3]; [-3,-1]; [-3,-1]	No Hints Used	a3d9e92Inequality	12
308	Spring 2022	2.6 Solve Compound Inequalities	f128d8e4164c71040a472d438141743a8e37749c	a3d9e92Inequality13	a3d9e92Inequality13a	[-1,3/2]; (-1,3/2]	0.49; 0.33; 0.32; 7.03	a3d9e92Inequality	13
309	Spring 2022	2.6 Solve Compound Inequalities	f128d8e4164c71040a472d438141743a8e37749c	a3d9e92Inequality14	a3d9e92Inequality14a	(1,8); (8,1); (3,8); (1,8)	0.86; 0.76; 0.36; 8.38	a3d9e92Inequality	14
310	Spring 2022	2.6 Solve Compound Inequalities	f128d8e4164c71040a472d438141743a8e37749c	a3d9e92Inequality15	a3d9e92Inequality15a	(-2,2); (-2,2)	No Hints Used	a3d9e92Inequality	15
311	Spring 2022	2.6 Solve Compound Inequalities	f128d8e4164c71040a472d438141743a8e37749c	a3d9e92Inequality2	a3d9e92Inequality2a	[1,3)	No Hints Used	a3d9e92Inequality	2
312	Spring 2022	2.6 Solve Compound Inequalities	f128d8e4164c71040a472d438141743a8e37749c	a3d9e92Inequality3	a3d9e92Inequality3a	(-2,4]; (-2,4]	No Hints Used	a3d9e92Inequality	3
313	Spring 2022	2.6 Solve Compound Inequalities	f128d8e4164c71040a472d438141743a8e37749c	a3d9e92Inequality4	a3d9e92Inequality4a	[-4,-1]	No Hints Used	a3d9e92Inequality	4
314	Spring 2022	2.6 Solve Compound Inequalities	f128d8e4164c71040a472d438141743a8e37749c	a3d9e92Inequality5	a3d9e92Inequality5a	(-6,-3)	No Hints Used	a3d9e92Inequality	5
315	Spring 2022	2.6 Solve Compound Inequalities	f191addc4b6d685ab0b5f889fc8c062068edd56c	a3d9e92Inequality12	a3d9e92Inequality12a	 [-2,-1]	No Hints Used	a3d9e92Inequality	12
316	Spring 2022	2.6 Solve Compound Inequalities	f191addc4b6d685ab0b5f889fc8c062068edd56c	a3d9e92Inequality14	a3d9e92Inequality14a	(1,8)	No Hints Used	a3d9e92Inequality	14
317	Spring 2022	2.6 Solve Compound Inequalities	f51f96d3616c690c05e60a004fbc4e0ff3c76fb6	a3d9e92Inequality3	a3d9e92Inequality3a	(-2,4]	No Hints Used	a3d9e92Inequality	3
318	Spring 2022	2.6 Solve Compound Inequalities	f51f96d3616c690c05e60a004fbc4e0ff3c76fb6	a3d9e92Inequality5	a3d9e92Inequality5a	(-6,-3)	No Hints Used	a3d9e92Inequality	5
319	Spring 2022	2.6 Solve Compound Inequalities	f51f96d3616c690c05e60a004fbc4e0ff3c76fb6	a3d9e92Inequality6	a3d9e92Inequality6a	(-inf,-2]U(3,inf)	No Hints Used	a3d9e92Inequality	6
320	Spring 2022	2.6 Solve Compound Inequalities	f51f96d3616c690c05e60a004fbc4e0ff3c76fb6	a3d9e92Inequality7	a3d9e92Inequality7a	(-\infty ,-4]\cup (-3,\infty ); (-infty,-4]u(-3,infty); (-inf,-4]U(-3,inf)	1.2; 20.14	a3d9e92Inequality	7
321	Spring 2022	2.6 Solve Compound Inequalities	f51f96d3616c690c05e60a004fbc4e0ff3c76fb6	a3d9e92Inequality9	a3d9e92Inequality9a	(-inf,0)U[4,inf); (-inf,0) U [4,inf)	No Hints Used	a3d9e92Inequality	9
322	Spring 2022	2.6 Solve Compound Inequalities	fc06914eda98130c8be4432db587b6f77ae65a6c	a3d9e92Inequality10	a3d9e92Inequality10a	[-1,2)	No Hints Used	a3d9e92Inequality	10
323	Spring 2022	2.6 Solve Compound Inequalities	fc06914eda98130c8be4432db587b6f77ae65a6c	a3d9e92Inequality11	a3d9e92Inequality11a	(2,-2]; [2,-2); [-2,2)	0.94; 0.73; 0.82; 12.69	a3d9e92Inequality	11
324	Spring 2022	2.6 Solve Compound Inequalities	fc06914eda98130c8be4432db587b6f77ae65a6c	a3d9e92Inequality12	a3d9e92Inequality12a	[-1,-3); [-1,-3}; [-1,-3]; (-1,-3]; (-1,-3); (-1,-3]; [-3, -1]	0.87; 0.94; 0.96; 9.04	a3d9e92Inequality	12
325	Spring 2022	2.6 Solve Compound Inequalities	fc06914eda98130c8be4432db587b6f77ae65a6c	a3d9e92Inequality14	a3d9e92Inequality14a	(8,1); (1,8); [1,8]; (3,8)	0.95; 0.95; 0.82; 20.67	a3d9e92Inequality	14
326	Spring 2022	2.6 Solve Compound Inequalities	fc06914eda98130c8be4432db587b6f77ae65a6c	a3d9e92Inequality15	a3d9e92Inequality15a	[-2,2); (-2,2]; (-2,2)	1.03; 0.94; 0.9; 6.26	a3d9e92Inequality	15
327	Spring 2022	2.6 Solve Compound Inequalities	fc06914eda98130c8be4432db587b6f77ae65a6c	a3d9e92Inequality2	a3d9e92Inequality2a	[3,1]; (3,1]; (3,1); [1,3)	0.89; 0.84; 15.85	a3d9e92Inequality	2
328	Spring 2022	2.6 Solve Compound Inequalities	fc06914eda98130c8be4432db587b6f77ae65a6c	a3d9e92Inequality3	a3d9e92Inequality3a	(-oo,4]u(-2,00); (-2,4); (-2,4]	1.0; 1.11; 8.2	a3d9e92Inequality	3
329	Spring 2022	2.6 Solve Compound Inequalities	fc06914eda98130c8be4432db587b6f77ae65a6c	a3d9e92Inequality4	a3d9e92Inequality4a	[-1,-4]; [-4,-1]	No Hints Used	a3d9e92Inequality	4
330	Spring 2022	2.6 Solve Compound Inequalities	fc06914eda98130c8be4432db587b6f77ae65a6c	a3d9e92Inequality5	a3d9e92Inequality5a	(-6,-3)	No Hints Used	a3d9e92Inequality	5
331	Spring 2022	2.6 Solve a Formula for a Specific Variable 	bbf7d507bbd2da1f84ff02c174006001e471b345	a1f32dfFormula15	a1f32dfFormula15a	$$b=P-a-c$$; $$b=P+a+c$$; $$b=P-a-c$$	No Hints Used	a1f32dfFormula	15
332	Spring 2022	2.6 Solve a Formula for a Specific Variable 	bbf7d507bbd2da1f84ff02c174006001e471b345	a1f32dfFormula24	a1f32dfFormula24a	$$a=90-b$$; $$a=90b$$; $$a=90-b$$	No Hints Used	a1f32dfFormula	24
333	Spring 2022	2.6 Solve a Formula for a Specific Variable 	bbf7d507bbd2da1f84ff02c174006001e471b345	a1f32dfFormula25	a1f32dfFormula25a	$$y=15-8x$$; $$y=15+8x$$; $$y=8x-15$$; $$y=15-8x$$	No Hints Used	a1f32dfFormula	25
334	Spring 2022	2.6 Solve a Formula for a Specific Variable 	bbf7d507bbd2da1f84ff02c174006001e471b345	a1f32dfFormula26	a1f32dfFormula26a	$$y=9x-13$$; $$y=13+9x$$; $$y=13-9x$$; $$y=13+9x$$; $$y=13-9x$$	No Hints Used	a1f32dfFormula	26
335	Spring 2022	2.6 Solve a Formula for a Specific Variable 	bbf7d507bbd2da1f84ff02c174006001e471b345	a1f32dfFormula30	a1f32dfFormula30a	$$pi=\frac{C}{d}$$; $$pi=\frac{C}{d}$$	No Hints Used	a1f32dfFormula	30
336	Spring 2022	2.6 Solve a Formula for a Specific Variable 	de64cf2a887d1dd989a7a6b283b019bec0f87a60	a1f32dfFormula13	a1f32dfFormula13a	3	No Hints Used	a1f32dfFormula	13
337	Spring 2022	2.6 Solve a Formula for a Specific Variable 	de64cf2a887d1dd989a7a6b283b019bec0f87a60	a1f32dfFormula13	a1f32dfFormula13b	$$y=\frac{18-3x}{2}$$	No Hints Used	a1f32dfFormula	13
338	Spring 2022	2.6 Solve a Formula for a Specific Variable 	f51f96d3616c690c05e60a004fbc4e0ff3c76fb6	a1f32dfFormula11	a1f32dfFormula11a	1568; 156800; 7168; 7168; nan; 1568; nan; nan; 20000; 20000	1.98; 3.59; 1.25; 22.84; 9.39	a1f32dfFormula	11
339	Spring 2022	2.6 Solve a Formula for a Specific Variable 	f51f96d3616c690c05e60a004fbc4e0ff3c76fb6	a1f32dfFormula11	a1f32dfFormula11b	$$P=Irt$$; $$P=\frac{I}{rt}$$; $$P=\frac{I}{rt}$$	No Hints Used	a1f32dfFormula	11
340	Spring 2022	6.3 Logarithmic Functions	3553bd84901626ec3f98f7a6d5f400957f6d6df8	ab50a95log19	ab50a95log19a	nan; nan	No Hints Used	ab50a95log	19
341	Spring 2022	6.3 Logarithmic Functions	3553bd84901626ec3f98f7a6d5f400957f6d6df8	ab50a95log21	ab50a95log21a	nan; nan; nan	No Hints Used	ab50a95log	21
342	Spring 2022	6.3 Logarithmic Functions	3553bd84901626ec3f98f7a6d5f400957f6d6df8	ab50a95log23	ab50a95log23a	nan	No Hints Used	ab50a95log	23
343	Spring 2022	6.3 Logarithmic Functions	3553bd84901626ec3f98f7a6d5f400957f6d6df8	ab50a95log26	ab50a95log26a	nan; nan; log_(15) (a)=b	No Hints Used	ab50a95log	26
344	Spring 2022	6.3 Logarithmic Functions	c792790394938489e0d4d00f7ceed64fcd605a5e	ab50a95log1	ab50a95log1a	$$6^{\frac{1}{2}}=\sqrt{6}$$	No Hints Used	ab50a95log	1
345	Spring 2022	6.3 Logarithmic Functions	c792790394938489e0d4d00f7ceed64fcd605a5e	ab50a95log1	ab50a95log1b	$$2^3=9$$; $$3^2=9$$	No Hints Used	ab50a95log	1
346	Spring 2022	6.3 Logarithmic Functions	c792790394938489e0d4d00f7ceed64fcd605a5e	ab50a95log28	ab50a95log28a	2^(-3)=x; nan; 1/8	No Hints Used	ab50a95log	28
347	Spring 2022	6.3 Logarithmic Functions	c792790394938489e0d4d00f7ceed64fcd605a5e	ab50a95log28	ab50a95log28b	27	No Hints Used	ab50a95log	28
348	Spring 2022	6.3 Logarithmic Functions	c792790394938489e0d4d00f7ceed64fcd605a5e	ab50a95log4	ab50a95log4a	$$\log_{3}\left(9\right)=2$$	No Hints Used	ab50a95log	4
349	Spring 2022	6.3 Logarithmic Functions	c792790394938489e0d4d00f7ceed64fcd605a5e	ab50a95log4	ab50a95log4b	$$\log_{5}\left(125\right)=3$$	No Hints Used	ab50a95log	4
350	Spring 2022	6.3 Logarithmic Functions	c792790394938489e0d4d00f7ceed64fcd605a5e	ab50a95log4	ab50a95log4c	$$\log_{2}\left(\frac{1}{2}\right)=-1$$	No Hints Used	ab50a95log	4
351	Spring 2022	6.6 Exponential and Logarithmic Equations	54c4f2023067db67118f606380a1570bfe17c883	a512f5aexplog14	a512f5aexplog14a	Both $$\frac{-10}{3}$$ and $$\frac{10}{3}$$	No Hints Used	a512f5aexplog	14
352	Spring 2022	6.6 Exponential and Logarithmic Equations	54c4f2023067db67118f606380a1570bfe17c883	a512f5aexplog16	a512f5aexplog16a	1; 4/3; 3/4	No Hints Used	a512f5aexplog	16
353	Spring 2022	6.6 Exponential and Logarithmic Equations	54c4f2023067db67118f606380a1570bfe17c883	a512f5aexplog17	a512f5aexplog17a	3	No Hints Used	a512f5aexplog	17
354	Spring 2022	6.6 Exponential and Logarithmic Equations	54c4f2023067db67118f606380a1570bfe17c883	a512f5aexplog19	a512f5aexplog19a	x=2; 2	No Hints Used	a512f5aexplog	19
355	Spring 2022	6.6 Exponential and Logarithmic Equations	54c4f2023067db67118f606380a1570bfe17c883	a512f5aexplog21	a512f5aexplog21a	1/10	No Hints Used	a512f5aexplog	21
356	Spring 2022	6.6 Exponential and Logarithmic Equations	54c4f2023067db67118f606380a1570bfe17c883	a512f5aexplog24	a512f5aexplog24a	e^(2)	No Hints Used	a512f5aexplog	24
357	Spring 2022	6.6 Exponential and Logarithmic Equations	54c4f2023067db67118f606380a1570bfe17c883	a512f5aexplog25	a512f5aexplog25a	7.39; 7.4; e^(2)	No Hints Used	a512f5aexplog	25
358	Spring 2022	6.6 Exponential and Logarithmic Equations	54c4f2023067db67118f606380a1570bfe17c883	a512f5aexplog26	a512f5aexplog26a	e^(7/2)*1/6; 5.52	No Hints Used	a512f5aexplog	26
359	Spring 2022	6.6 Exponential and Logarithmic Equations	54c4f2023067db67118f606380a1570bfe17c883	a512f5aexplog5	a512f5aexplog5a	0 (No solution)	No Hints Used	a512f5aexplog	5
360	Spring 2022	7.1 Systems of Linear Equations: Two Variables	54c4f2023067db67118f606380a1570bfe17c883	ab8b840systemeq4	ab8b840systemeq4a	$$x=\frac{72}{5}$$, $$y=\frac{132}{5}$$	No Hints Used	ab8b840systemeq	4
361	Spring 2022	7.1 Systems of Linear Equations: Two Variables	54c4f2023067db67118f606380a1570bfe17c883	ab8b840systemeq5	ab8b840systemeq5a	$$x=-8$$, $$y=6$$	No Hints Used	ab8b840systemeq	5
362	Spring 2022	7.1 Systems of Linear Equations: Two Variables	54c4f2023067db67118f606380a1570bfe17c883	ab8b840systemeq8	ab8b840systemeq8a	None of the above; (1/2, 1/10); None of the above; $$\left(-\frac{\frac{1}{21}}{10}\right)$$	No Hints Used	ab8b840systemeq	8
363	Spring 2022	7.1 Systems of Linear Equations: Two Variables	54c4f2023067db67118f606380a1570bfe17c883	ab8b840systemeqs13	ab8b840systemeqs13a	(4,-3)	No Hints Used	ab8b840systemeqs	13
364	Spring 2022	7.1 Systems of Linear Equations: Two Variables	54c4f2023067db67118f606380a1570bfe17c883	ab8b840systemeqs16	ab8b840systemeqs16a	(.6,0); (-.6,0); (-2y-.6,y)	65.28; 23.63	ab8b840systemeqs	16
365	Spring 2022	7.1 Systems of Linear Equations: Two Variables	54c4f2023067db67118f606380a1570bfe17c883	ab8b840systemeqs9	ab8b840systemeqs9a	(2,3) is not a solution to the system of equations.	No Hints Used	ab8b840systemeqs	9
366	Spring 2022	7.1 Systems of Linear Equations: Two Variables	54c4f2023067db67118f606380a1570bfe17c883	ab8b840systems10	ab8b840systems10a	1200 children, 800 adults; 1200 children 800 adults	No Hints Used	ab8b840systems	10
367	Spring 2022	7.3 Systems of Nonlinear Equations and Inequalities: Two Variables	54c4f2023067db67118f606380a1570bfe17c883	ac561a1systems16	ac561a1systems16a	(3sqrt(2)/2,-3sqrt(2)/2),(-3sqrt(2)/2,3sqrt(2)/2)	No Hints Used	ac561a1systems	16
368	Spring 2022	7.3 Systems of Nonlinear Equations and Inequalities: Two Variables	54c4f2023067db67118f606380a1570bfe17c883	ac561a1systems17	ac561a1systems17a	(5,1),(5,-1),(-1,5),(-5,-1)	No Hints Used	ac561a1systems	17
369	Spring 2022	7.3 Systems of Nonlinear Equations and Inequalities: Two Variables	54c4f2023067db67118f606380a1570bfe17c883	ac561a1systems18	ac561a1systems18a	$$28\left(-\frac{\frac{1}{21}}{2}\right)$$	No Hints Used	ac561a1systems	18
370	Spring 2022	7.3 Systems of Nonlinear Equations and Inequalities: Two Variables	54c4f2023067db67118f606380a1570bfe17c883	ac561a1systems27	ac561a1systems27a	No solutions exist.	No Hints Used	ac561a1systems	27
371	Spring 2022	7.3 Systems of Nonlinear Equations and Inequalities: Two Variables	54c4f2023067db67118f606380a1570bfe17c883	ac561a1systems27	ac561a1systems27b	(1,3),(3,11)	No Hints Used	ac561a1systems	27
372	Spring 2022	7.3 Systems of Nonlinear Equations and Inequalities: Two Variables	54c4f2023067db67118f606380a1570bfe17c883	ac561a1systems3	ac561a1systems3a	No Solution; $$\left(\frac{1}{4}-\frac{\sqrt{62}}{8}\right) \frac{\frac{1}{4} \sqrt{62}}{8}$$	No Hints Used	ac561a1systems	3
373	Spring 2022	7.3 Systems of Nonlinear Equations and Inequalities: Two Variables	54c4f2023067db67118f606380a1570bfe17c883	ac561a1systems6	ac561a1systems6a	(1,-3),(2,3)	No Hints Used	ac561a1systems	6
374	Spring 2022	7.3 Systems of Nonlinear Equations and Inequalities: Two Variables	54c4f2023067db67118f606380a1570bfe17c883	ac561a1systems8	ac561a1systems8a	No Solution; (-sqrt(39)/20,19/20),(0,-1),(sqrt(30)/20,19/20)	No Hints Used	ac561a1systems	8
375	Spring 2022	8.1 The Ellipse	54c4f2023067db67118f606380a1570bfe17c883	af60b4fellipse13	af60b4fellipse13a	x^(2)*1/1+y^(2)*1/3^(-2)=1	No Hints Used	af60b4fellipse	13
376	Spring 2022	8.1 The Ellipse	54c4f2023067db67118f606380a1570bfe17c883	af60b4fellipse13	af60b4fellipse13b	(1,0) and (-1,0)	No Hints Used	af60b4fellipse	13
377	Spring 2022	8.1 The Ellipse	54c4f2023067db67118f606380a1570bfe17c883	af60b4fellipse13	af60b4fellipse13c	(0,1/3) and $$0-\frac{1}{3}$$	No Hints Used	af60b4fellipse	13
378	Spring 2022	8.1 The Ellipse	54c4f2023067db67118f606380a1570bfe17c883	af60b4fellipse13	af60b4fellipse13d	(2sqrt(2)/3,0) and $$\left(-\frac{2\sqrt{2}}{3}, 0\right)$$	No Hints Used	af60b4fellipse	13
379	Spring 2022	8.1 The Ellipse	54c4f2023067db67118f606380a1570bfe17c883	af60b4fellipse18	af60b4fellipse18a	$$\left(-1-1-\sqrt{11}\right) \left(-1-1+\sqrt{11}\right)$$; $$\left(-3-1-\sqrt{11}\right) \left(-3-1+\sqrt{11}\right)$$	No Hints Used	af60b4fellipse	18
380	Spring 2022	8.1 The Ellipse	54c4f2023067db67118f606380a1570bfe17c883	af60b4fellipse28	af60b4fellipse28a	$$2\sqrt{5} \pi$$	No Hints Used	af60b4fellipse	28
381	Spring 2022	8.1 The Ellipse	54c4f2023067db67118f606380a1570bfe17c883	af60b4fellipse5	af60b4fellipse5a	x^(2)*5^(-2)+y^(2)*2^(-2)=1	No Hints Used	af60b4fellipse	5
382	Spring 2022	8.1 The Ellipse	54c4f2023067db67118f606380a1570bfe17c883	af60b4fellipse5	af60b4fellipse5b	(0,1),(1,0) and (-5,0),(0,2) and (0,-2),(sqrt(2),0) and $$\left(-\sqrt{2}, 0\right)$$; (0,0),(5,0) and (-5,0),(0,2) and (0,-2),(sqrt(21),0) and $$\left(-\sqrt{21}, 0\right)$$	No Hints Used	af60b4fellipse	5
383	Spring 2022	8.1 The Ellipse	54c4f2023067db67118f606380a1570bfe17c883	af60b4fellipse7	af60b4fellipse7a	(x+-5)^(2)*3^(-2)+(y+2)^(2)*2^(-2)=1	No Hints Used	af60b4fellipse	7
384	Spring 2022	8.1 The Ellipse	54c4f2023067db67118f606380a1570bfe17c883	af60b4fellipse7	af60b4fellipse7b	(5,-2),(5~sqrt(9),-2),(5,-2~sqrt(4)),(5,-2~sqrt(4))	No Hints Used	af60b4fellipse	7
385	Spring 2022	8.2 The Hyperbola	54c4f2023067db67118f606380a1570bfe17c883	a9ed39ahyperbola1	a9ed39ahyperbola1a	(0,7),(0,-7)	No Hints Used	a9ed39ahyperbola	1
386	Spring 2022	8.2 The Hyperbola	54c4f2023067db67118f606380a1570bfe17c883	a9ed39ahyperbola1	a9ed39ahyperbola1b	(0,9),(0,-9)	No Hints Used	a9ed39ahyperbola	1
387	Spring 2022	8.2 The Hyperbola	54c4f2023067db67118f606380a1570bfe17c883	a9ed39ahyperbola16	a9ed39ahyperbola16b	(0,2) and (0,-2)	No Hints Used	a9ed39ahyperbola	16
388	Spring 2022	8.2 The Hyperbola	54c4f2023067db67118f606380a1570bfe17c883	a9ed39ahyperbola16	a9ed39ahyperbola16c	(0, sqrt(85)) and (0, -sqrt(85))	No Hints Used	a9ed39ahyperbola	16
389	Spring 2022	8.2 The Hyperbola	54c4f2023067db67118f606380a1570bfe17c883	a9ed39ahyperbola5	a9ed39ahyperbola5a	$$\frac{{\left(x-3\right)}^2}{3^2}-\frac{{\left(y+2\right)}^2}{4^2}=1$$	No Hints Used	a9ed39ahyperbola	5
390	Spring 2022	8.2 The Hyperbola	54c4f2023067db67118f606380a1570bfe17c883	a9ed39ahyperbola6	a9ed39ahyperbola6a	$$\frac{{\left(y-3\right)}^2}{5^2}-\frac{{\left(x-1\right)}^2}{{12}^2}=1$$	No Hints Used	a9ed39ahyperbola	6
391	Spring 2022	8.2 The Hyperbola	54c4f2023067db67118f606380a1570bfe17c883	a9ed39ahyperbola7	a9ed39ahyperbola7a	$$\frac{x^2}{{30}^2}-\frac{y^2}{{120.0015}^2}=1$$	No Hints Used	a9ed39ahyperbola	7
392	Spring 2022	8.2 The Hyperbola	54c4f2023067db67118f606380a1570bfe17c883	a9ed39ahyperbola8	a9ed39ahyperbola8a	$$\frac{x^2}{{20}^2}-\frac{y^2}{{60}^2}=1$$	No Hints Used	a9ed39ahyperbola	8
393	Spring 2022	8.3 The Parabola	54c4f2023067db67118f606380a1570bfe17c883	a0351f0parabola13	a0351f0parabola13a	N*o*t*a*p*a*r*a*b*o*l*a	No Hints Used	a0351f0parabola	13
394	Spring 2022	8.3 The Parabola	54c4f2023067db67118f606380a1570bfe17c883	a0351f0parabola9	a0351f0parabola9a	(-7,-7) and (-7,9)	No Hints Used	a0351f0parabola	9
395	Spring 2022	8.3 The Parabola	54c4f2023067db67118f606380a1570bfe17c883	a0351f0theparabola11	a0351f0theparabola11a	(0,1),(1/31,0),x=-1/32; $$0\frac{1}{320} x=\frac{-1}{32}$$	No Hints Used	a0351f0theparabola	11
396	Spring 2022	8.3 The Parabola	54c4f2023067db67118f606380a1570bfe17c883	a0351f0theparabola15	a0351f0theparabola15a	$$0\frac{1}{1440} x=\frac{-1}{144}$$	No Hints Used	a0351f0theparabola	15
397	Spring 2022	8.3 The Parabola	54c4f2023067db67118f606380a1570bfe17c883	a0351f0theparabola16	a0351f0theparabola16a	$$(0,0),(9,0),x=-9$$	No Hints Used	a0351f0theparabola	16
398	Spring 2022	8.3 The Parabola	54c4f2023067db67118f606380a1570bfe17c883	a0351f0theparabola17	a0351f0theparabola17a	$$(1,1),(1,2),y=0$$	No Hints Used	a0351f0theparabola	17
399	Spring 2022	9.1 Sequences and Their Notations	54c4f2023067db67118f606380a1570bfe17c883	a1f0162sequences15	a1f0162sequences15a	2,10,12,14/5,4/5,10,12	No Hints Used	a1f0162sequences	15
400	Spring 2022	9.1 Sequences and Their Notations	54c4f2023067db67118f606380a1570bfe17c883	a1f0162sequences17	a1f0162sequences17a	t*1=1; 1	No Hints Used	a1f0162sequences	17
401	Spring 2022	9.1 Sequences and Their Notations	54c4f2023067db67118f606380a1570bfe17c883	a1f0162sequences17	a1f0162sequences17b	6	No Hints Used	a1f0162sequences	17
402	Spring 2022	9.1 Sequences and Their Notations	54c4f2023067db67118f606380a1570bfe17c883	a1f0162sequences17	a1f0162sequences17c	11	No Hints Used	a1f0162sequences	17
403	Spring 2022	9.1 Sequences and Their Notations	54c4f2023067db67118f606380a1570bfe17c883	a1f0162sequences17	a1f0162sequences17d	16	No Hints Used	a1f0162sequences	17
404	Spring 2022	9.1 Sequences and Their Notations	54c4f2023067db67118f606380a1570bfe17c883	a1f0162sequences17	a1f0162sequences17e	21	No Hints Used	a1f0162sequences	17
405	Spring 2022	9.1 Sequences and Their Notations	54c4f2023067db67118f606380a1570bfe17c883	a1f0162sequences21	a1f0162sequences21a	9	No Hints Used	a1f0162sequences	21
406	Spring 2022	9.1 Sequences and Their Notations	54c4f2023067db67118f606380a1570bfe17c883	a1f0162sequences21	a1f0162sequences21b	7	No Hints Used	a1f0162sequences	21
407	Spring 2022	9.1 Sequences and Their Notations	54c4f2023067db67118f606380a1570bfe17c883	a1f0162sequences21	a1f0162sequences21c	1	No Hints Used	a1f0162sequences	21
408	Spring 2022	9.1 Sequences and Their Notations	54c4f2023067db67118f606380a1570bfe17c883	a1f0162sequences21	a1f0162sequences21d	-17	No Hints Used	a1f0162sequences	21
409	Spring 2022	9.1 Sequences and Their Notations	54c4f2023067db67118f606380a1570bfe17c883	a1f0162sequences21	a1f0162sequences21e	-71	No Hints Used	a1f0162sequences	21
410	Spring 2022	9.1 Sequences and Their Notations	54c4f2023067db67118f606380a1570bfe17c883	a1f0162sequences22	a1f0162sequences22a	5/6	No Hints Used	a1f0162sequences	22
411	Spring 2022	9.1 Sequences and Their Notations	54c4f2023067db67118f606380a1570bfe17c883	a1f0162sequences22	a1f0162sequences22b	5/12	No Hints Used	a1f0162sequences	22
412	Spring 2022	9.1 Sequences and Their Notations	54c4f2023067db67118f606380a1570bfe17c883	a1f0162sequences22	a1f0162sequences22c	1/8	No Hints Used	a1f0162sequences	22
413	Spring 2022	9.3 Geometric Sequences	54c4f2023067db67118f606380a1570bfe17c883	ab6a46ageo1	ab6a46ageo1a	1,2,4,8,16	No Hints Used	ab6a46ageo	1
414	Spring 2022	9.3 Geometric Sequences	54c4f2023067db67118f606380a1570bfe17c883	ab6a46ageo10	ab6a46ageo10a	$$a_1=-32$$, $$a_n=\frac{1}{2} a\left(n-1\right)$$; $$a1=-32$$, $$an=\frac{1}{2} an-1$$	No Hints Used	ab6a46ageo	10
415	Spring 2022	9.3 Geometric Sequences	54c4f2023067db67118f606380a1570bfe17c883	ab6a46ageo4	ab6a46ageo4a	-16/27; 16/27; 16/27	No Hints Used	ab6a46ageo	4
416	Spring 2022	9.3 Geometric Sequences	54c4f2023067db67118f606380a1570bfe17c883	ab6a46ageo9	ab6a46ageo9a	$$a_1=-1$$, $$a_n=5a_n-1$$; $$a_1=-1$$, $$a_n=-5a_n-1$$	No Hints Used	ab6a46ageo	9
417	Spring 2022	9.3 Geometric Sequences	54c4f2023067db67118f606380a1570bfe17c883	ab6a46ageometric4	ab6a46ageometric4a	5,-10,20,-40; 5,-10,20,-40	No Hints Used	ab6a46ageometric	4
418	Spring 2022	9.3 Geometric Sequences	54c4f2023067db67118f606380a1570bfe17c883	ab6a46ageometric7	ab6a46ageometric7a	16384	No Hints Used	ab6a46ageometric	7
419	Spring 2022	9.4 Series and Their Notations	54c4f2023067db67118f606380a1570bfe17c883	a57f999ser10	a57f999ser10a	21/2; 65/2; 26; 55/2	No Hints Used	a57f999ser	10
420	Spring 2022	9.4 Series and Their Notations	54c4f2023067db67118f606380a1570bfe17c883	a57f999ser13	a57f999ser13a	6250; -6250; -1250; -7812	No Hints Used	a57f999ser	13
421	Spring 2022	9.4 Series and Their Notations	54c4f2023067db67118f606380a1570bfe17c883	a57f999ser15	a57f999ser15a	511	No Hints Used	a57f999ser	15
422	Spring 2022	9.4 Series and Their Notations	54c4f2023067db67118f606380a1570bfe17c883	a57f999ser16	a57f999ser16a	-3.996; -3.9961	No Hints Used	a57f999ser	16
423	Spring 2022	9.4 Series and Their Notations	54c4f2023067db67118f606380a1570bfe17c883	a57f999ser20	a57f999ser20a	Sum defined; Sum not defined	No Hints Used	a57f999ser	20
424	Spring 2022	9.4 Series and Their Notations	54c4f2023067db67118f606380a1570bfe17c883	a57f999ser25	a57f999ser25a	Sum does not exist	No Hints Used	a57f999ser	25
425	Spring 2022	9.4 Series and Their Notations	54c4f2023067db67118f606380a1570bfe17c883	a57f999ser26	a57f999ser26a	414.3	No Hints Used	a57f999ser	26
426	Spring 2022	9.4 Series and Their Notations	54c4f2023067db67118f606380a1570bfe17c883	a57f999ser5	a57f999ser5a	-225	No Hints Used	a57f999ser	5
427	Spring 2022	9.4 Series and Their Notations	54c4f2023067db67118f606380a1570bfe17c883	a57f999ser8	a57f999ser8a	147/2	No Hints Used	a57f999ser	8
428	Spring 2022	Conditional Probability	f90122eafea1a7cb593c301756e127e1d0b764fa	a1b4294cond9	a1b4294cond9a	1/6	0.83; 3.04	a1b4294cond	9
