,canvasUserId,problemID,stepID,hintID,eventType,isCorrect,firstAttempt,time,skills
0,f90122eafea1a7cb593c301756e127e1d0b764fa,a1b4294cond9,a1b4294cond9a,,unlockHint,,,2022-02-07 23:20:28.550,"['conditional_probability', 'independence_and_bayes’_theorem']"
1,f90122eafea1a7cb593c301756e127e1d0b764fa,a1b4294cond9,a1b4294cond9a,,unlockHint,,,2022-02-07 23:20:29.376,"['conditional_probability', 'independence_and_bayes’_theorem']"
2,f90122eafea1a7cb593c301756e127e1d0b764fa,a1b4294cond9,a1b4294cond9a,,answerStep,True,True,2022-02-07 23:20:32.418,"['conditional_probability', 'independence_and_bayes’_theorem']"
3,4e96c5b4da1630955f21437c84abce422d24c39b,a8b6b9fLinear18,a8b6b9fLinear18a,,answerStep,True,True,2022-02-08 00:21:27.578,['use_a_general_strategy_to_solve_linear_equations']
4,4e96c5b4da1630955f21437c84abce422d24c39b,a8b6b9fLinear29,a8b6b9fLinear29a,,answerStep,True,True,2022-02-08 00:23:05.158,['use_a_general_strategy_to_solve_linear_equations']
5,7108e72dc298b17b3ad2ae45da83bd3706ff53af,a4b48f4RealNums9,a4b48f4RealNums9a,,answerStep,True,True,2022-02-12 00:15:46.378,['properties_of_real_numbers']
6,0bfb70fbcdf78069bd40d74a611504a118af0ed9,a3d9e92Inequality14,a3d9e92Inequality14a,,answerStep,False,True,2022-02-12 23:59:59.935,"['solve_compound_inequalities_with_""and""']"
7,0bfb70fbcdf78069bd40d74a611504a118af0ed9,a3d9e92Inequality14,a3d9e92Inequality14a,,unlockHint,,,2022-02-13 00:00:24.871,"['solve_compound_inequalities_with_""and""']"
8,0bfb70fbcdf78069bd40d74a611504a118af0ed9,a3d9e92Inequality14,a3d9e92Inequality14a,,unlockHint,,,2022-02-13 00:00:26.071,"['solve_compound_inequalities_with_""and""']"
9,0bfb70fbcdf78069bd40d74a611504a118af0ed9,a3d9e92Inequality14,a3d9e92Inequality14a,,unlockHint,,,2022-02-13 00:00:28.261,"['solve_compound_inequalities_with_""and""']"
10,0bfb70fbcdf78069bd40d74a611504a118af0ed9,a3d9e92Inequality14,a3d9e92Inequality14a,,unlockHint,,,2022-02-13 00:00:37.512,"['solve_compound_inequalities_with_""and""']"
11,0bfb70fbcdf78069bd40d74a611504a118af0ed9,a3d9e92Inequality3,a3d9e92Inequality3a,,answerStep,True,True,2022-02-13 00:02:49.449,"['solve_compound_inequalities_with_""and""']"
12,0bfb70fbcdf78069bd40d74a611504a118af0ed9,a3d9e92Inequality11,a3d9e92Inequality11a,,answerStep,True,True,2022-02-13 00:03:56.740,"['solve_compound_inequalities_with_""and""']"
13,0bfb70fbcdf78069bd40d74a611504a118af0ed9,a3d9e92Inequality15,a3d9e92Inequality15a,,answerStep,True,True,2022-02-13 00:07:27.850,"['solve_compound_inequalities_with_""and""']"
14,cae6693121aecddb7bd9599d018c3ee0b8c76fbf,a4b48f4RealNums2,a4b48f4RealNums2a,,unlockHint,,,2022-02-13 05:29:58.968,['properties_of_real_numbers']
15,cae6693121aecddb7bd9599d018c3ee0b8c76fbf,a4b48f4RealNums2,a4b48f4RealNums2a,,unlockHint,,,2022-02-13 05:30:00.451,['properties_of_real_numbers']
16,fc06914eda98130c8be4432db587b6f77ae65a6c,a3d9e92Inequality3,a3d9e92Inequality3a,,answerStep,False,True,2022-02-13 22:16:05.619,"['solve_compound_inequalities_with_""and""']"
17,fc06914eda98130c8be4432db587b6f77ae65a6c,a3d9e92Inequality3,a3d9e92Inequality3a,,unlockHint,,,2022-02-13 22:16:09.702,"['solve_compound_inequalities_with_""and""']"
18,fc06914eda98130c8be4432db587b6f77ae65a6c,a3d9e92Inequality3,a3d9e92Inequality3a,,unlockHint,,,2022-02-13 22:16:10.700,"['solve_compound_inequalities_with_""and""']"
19,fc06914eda98130c8be4432db587b6f77ae65a6c,a3d9e92Inequality3,a3d9e92Inequality3a,,unlockHint,,,2022-02-13 22:16:11.809,"['solve_compound_inequalities_with_""and""']"
20,fc06914eda98130c8be4432db587b6f77ae65a6c,a3d9e92Inequality3,a3d9e92Inequality3a,,answerStep,False,False,2022-02-13 22:16:20.007,"['solve_compound_inequalities_with_""and""']"
21,fc06914eda98130c8be4432db587b6f77ae65a6c,a3d9e92Inequality3,a3d9e92Inequality3a,,answerStep,True,False,2022-02-13 22:16:26.908,"['solve_compound_inequalities_with_""and""']"
22,fc06914eda98130c8be4432db587b6f77ae65a6c,a3d9e92Inequality5,a3d9e92Inequality5a,,answerStep,True,True,2022-02-13 22:16:59.612,"['solve_compound_inequalities_with_""and""']"
23,fc06914eda98130c8be4432db587b6f77ae65a6c,a3d9e92Inequality2,a3d9e92Inequality2a,,answerStep,False,True,2022-02-13 22:17:36.114,"['solve_compound_inequalities_with_""and""']"
24,fc06914eda98130c8be4432db587b6f77ae65a6c,a3d9e92Inequality2,a3d9e92Inequality2a,,answerStep,False,False,2022-02-13 22:17:41.869,"['solve_compound_inequalities_with_""and""']"
25,fc06914eda98130c8be4432db587b6f77ae65a6c,a3d9e92Inequality2,a3d9e92Inequality2a,,answerStep,False,False,2022-02-13 22:17:44.699,"['solve_compound_inequalities_with_""and""']"
26,fc06914eda98130c8be4432db587b6f77ae65a6c,a3d9e92Inequality2,a3d9e92Inequality2a,,unlockHint,,,2022-02-13 22:17:50.700,"['solve_compound_inequalities_with_""and""']"
27,fc06914eda98130c8be4432db587b6f77ae65a6c,a3d9e92Inequality2,a3d9e92Inequality2a,,unlockHint,,,2022-02-13 22:17:51.590,"['solve_compound_inequalities_with_""and""']"
28,fc06914eda98130c8be4432db587b6f77ae65a6c,a3d9e92Inequality2,a3d9e92Inequality2a,,unlockHint,,,2022-02-13 22:17:52.435,"['solve_compound_inequalities_with_""and""']"
29,fc06914eda98130c8be4432db587b6f77ae65a6c,a3d9e92Inequality2,a3d9e92Inequality2a,,answerStep,True,False,2022-02-13 22:18:08.282,"['solve_compound_inequalities_with_""and""']"
30,fc06914eda98130c8be4432db587b6f77ae65a6c,a3d9e92Inequality11,a3d9e92Inequality11a,,answerStep,False,True,2022-02-13 22:18:36.737,"['solve_compound_inequalities_with_""and""']"
31,fc06914eda98130c8be4432db587b6f77ae65a6c,a3d9e92Inequality11,a3d9e92Inequality11a,,answerStep,False,False,2022-02-13 22:18:42.404,"['solve_compound_inequalities_with_""and""']"
32,fc06914eda98130c8be4432db587b6f77ae65a6c,a3d9e92Inequality11,a3d9e92Inequality11a,,unlockHint,,,2022-02-13 22:18:47.119,"['solve_compound_inequalities_with_""and""']"
33,fc06914eda98130c8be4432db587b6f77ae65a6c,a3d9e92Inequality11,a3d9e92Inequality11a,,unlockHint,,,2022-02-13 22:18:48.057,"['solve_compound_inequalities_with_""and""']"
34,fc06914eda98130c8be4432db587b6f77ae65a6c,a3d9e92Inequality11,a3d9e92Inequality11a,,unlockHint,,,2022-02-13 22:18:48.788,"['solve_compound_inequalities_with_""and""']"
35,fc06914eda98130c8be4432db587b6f77ae65a6c,a3d9e92Inequality11,a3d9e92Inequality11a,,unlockHint,,,2022-02-13 22:18:49.603,"['solve_compound_inequalities_with_""and""']"
36,fc06914eda98130c8be4432db587b6f77ae65a6c,a3d9e92Inequality11,a3d9e92Inequality11a,,answerStep,True,False,2022-02-13 22:19:02.291,"['solve_compound_inequalities_with_""and""']"
37,fc06914eda98130c8be4432db587b6f77ae65a6c,a3d9e92Inequality15,a3d9e92Inequality15a,,answerStep,False,True,2022-02-13 22:19:31.427,"['solve_compound_inequalities_with_""and""']"
38,fc06914eda98130c8be4432db587b6f77ae65a6c,a3d9e92Inequality15,a3d9e92Inequality15a,,answerStep,False,False,2022-02-13 22:19:38.765,"['solve_compound_inequalities_with_""and""']"
39,fc06914eda98130c8be4432db587b6f77ae65a6c,a3d9e92Inequality15,a3d9e92Inequality15a,,unlockHint,,,2022-02-13 22:20:16.195,"['solve_compound_inequalities_with_""and""']"
40,fc06914eda98130c8be4432db587b6f77ae65a6c,a3d9e92Inequality15,a3d9e92Inequality15a,,unlockHint,,,2022-02-13 22:20:17.224,"['solve_compound_inequalities_with_""and""']"
41,fc06914eda98130c8be4432db587b6f77ae65a6c,a3d9e92Inequality15,a3d9e92Inequality15a,,unlockHint,,,2022-02-13 22:20:18.162,"['solve_compound_inequalities_with_""and""']"
42,fc06914eda98130c8be4432db587b6f77ae65a6c,a3d9e92Inequality15,a3d9e92Inequality15a,,unlockHint,,,2022-02-13 22:20:19.065,"['solve_compound_inequalities_with_""and""']"
43,fc06914eda98130c8be4432db587b6f77ae65a6c,a3d9e92Inequality15,a3d9e92Inequality15a,,answerStep,True,False,2022-02-13 22:20:25.327,"['solve_compound_inequalities_with_""and""']"
44,fc06914eda98130c8be4432db587b6f77ae65a6c,a3d9e92Inequality10,a3d9e92Inequality10a,,answerStep,True,True,2022-02-13 22:21:23.315,"['solve_compound_inequalities_with_""and""']"
45,fc06914eda98130c8be4432db587b6f77ae65a6c,a3d9e92Inequality4,a3d9e92Inequality4a,,answerStep,False,True,2022-02-13 22:22:03.895,"['solve_compound_inequalities_with_""and""']"
46,fc06914eda98130c8be4432db587b6f77ae65a6c,a3d9e92Inequality4,a3d9e92Inequality4a,,answerStep,True,False,2022-02-13 22:22:10.509,"['solve_compound_inequalities_with_""and""']"
47,fc06914eda98130c8be4432db587b6f77ae65a6c,a3d9e92Inequality12,a3d9e92Inequality12a,,answerStep,False,True,2022-02-13 22:22:47.280,"['solve_compound_inequalities_with_""and""']"
48,fc06914eda98130c8be4432db587b6f77ae65a6c,a3d9e92Inequality12,a3d9e92Inequality12a,,answerStep,False,False,2022-02-13 22:22:50.306,"['solve_compound_inequalities_with_""and""']"
49,fc06914eda98130c8be4432db587b6f77ae65a6c,a3d9e92Inequality12,a3d9e92Inequality12a,,answerStep,False,False,2022-02-13 22:22:53.554,"['solve_compound_inequalities_with_""and""']"
50,fc06914eda98130c8be4432db587b6f77ae65a6c,a3d9e92Inequality12,a3d9e92Inequality12a,,answerStep,False,False,2022-02-13 22:22:56.582,"['solve_compound_inequalities_with_""and""']"
51,fc06914eda98130c8be4432db587b6f77ae65a6c,a3d9e92Inequality12,a3d9e92Inequality12a,,answerStep,False,False,2022-02-13 22:22:58.933,"['solve_compound_inequalities_with_""and""']"
52,fc06914eda98130c8be4432db587b6f77ae65a6c,a3d9e92Inequality12,a3d9e92Inequality12a,,answerStep,False,False,2022-02-13 22:23:05.418,"['solve_compound_inequalities_with_""and""']"
53,fc06914eda98130c8be4432db587b6f77ae65a6c,a3d9e92Inequality12,a3d9e92Inequality12a,,unlockHint,,,2022-02-13 22:23:08.041,"['solve_compound_inequalities_with_""and""']"
54,fc06914eda98130c8be4432db587b6f77ae65a6c,a3d9e92Inequality12,a3d9e92Inequality12a,,unlockHint,,,2022-02-13 22:23:08.914,"['solve_compound_inequalities_with_""and""']"
55,fc06914eda98130c8be4432db587b6f77ae65a6c,a3d9e92Inequality12,a3d9e92Inequality12a,,unlockHint,,,2022-02-13 22:23:09.857,"['solve_compound_inequalities_with_""and""']"
56,fc06914eda98130c8be4432db587b6f77ae65a6c,a3d9e92Inequality12,a3d9e92Inequality12a,,unlockHint,,,2022-02-13 22:23:10.813,"['solve_compound_inequalities_with_""and""']"
57,fc06914eda98130c8be4432db587b6f77ae65a6c,a3d9e92Inequality12,a3d9e92Inequality12a,,answerStep,True,False,2022-02-13 22:23:19.856,"['solve_compound_inequalities_with_""and""']"
58,fc06914eda98130c8be4432db587b6f77ae65a6c,a3d9e92Inequality14,a3d9e92Inequality14a,,answerStep,False,True,2022-02-13 22:23:43.926,"['solve_compound_inequalities_with_""and""']"
59,fc06914eda98130c8be4432db587b6f77ae65a6c,a3d9e92Inequality14,a3d9e92Inequality14a,,answerStep,False,False,2022-02-13 22:23:52.386,"['solve_compound_inequalities_with_""and""']"
60,fc06914eda98130c8be4432db587b6f77ae65a6c,a3d9e92Inequality14,a3d9e92Inequality14a,,answerStep,False,False,2022-02-13 22:24:00.661,"['solve_compound_inequalities_with_""and""']"
61,fc06914eda98130c8be4432db587b6f77ae65a6c,a3d9e92Inequality14,a3d9e92Inequality14a,,unlockHint,,,2022-02-13 22:24:02.607,"['solve_compound_inequalities_with_""and""']"
62,fc06914eda98130c8be4432db587b6f77ae65a6c,a3d9e92Inequality14,a3d9e92Inequality14a,,unlockHint,,,2022-02-13 22:24:03.556,"['solve_compound_inequalities_with_""and""']"
63,fc06914eda98130c8be4432db587b6f77ae65a6c,a3d9e92Inequality14,a3d9e92Inequality14a,,unlockHint,,,2022-02-13 22:24:04.508,"['solve_compound_inequalities_with_""and""']"
64,fc06914eda98130c8be4432db587b6f77ae65a6c,a3d9e92Inequality14,a3d9e92Inequality14a,,unlockHint,,,2022-02-13 22:24:05.324,"['solve_compound_inequalities_with_""and""']"
65,fc06914eda98130c8be4432db587b6f77ae65a6c,a3d9e92Inequality14,a3d9e92Inequality14a,,answerStep,True,False,2022-02-13 22:24:25.997,"['solve_compound_inequalities_with_""and""']"
66,35d94c4be7e4c508baa4f33b15d48a1c606bbf0d,a3d9e92Inequality3,a3d9e92Inequality3a,,unlockHint,,,2022-02-14 04:40:01.517,"['solve_compound_inequalities_with_""and""']"
67,35d94c4be7e4c508baa4f33b15d48a1c606bbf0d,a3d9e92Inequality3,a3d9e92Inequality3a,,unlockHint,,,2022-02-14 04:40:03.486,"['solve_compound_inequalities_with_""and""']"
68,35d94c4be7e4c508baa4f33b15d48a1c606bbf0d,a3d9e92Inequality3,a3d9e92Inequality3a,,answerStep,True,True,2022-02-14 04:40:14.729,"['solve_compound_inequalities_with_""and""']"
69,35d94c4be7e4c508baa4f33b15d48a1c606bbf0d,a3d9e92Inequality15,a3d9e92Inequality15a,,answerStep,False,True,2022-02-14 04:41:19.688,"['solve_compound_inequalities_with_""and""']"
70,35d94c4be7e4c508baa4f33b15d48a1c606bbf0d,a3d9e92Inequality15,a3d9e92Inequality15a,,unlockHint,,,2022-02-14 04:41:22.755,"['solve_compound_inequalities_with_""and""']"
71,35d94c4be7e4c508baa4f33b15d48a1c606bbf0d,a3d9e92Inequality15,a3d9e92Inequality15a,,unlockHint,,,2022-02-14 04:41:24.328,"['solve_compound_inequalities_with_""and""']"
72,35d94c4be7e4c508baa4f33b15d48a1c606bbf0d,a3d9e92Inequality15,a3d9e92Inequality15a,,unlockHint,,,2022-02-14 04:41:25.667,"['solve_compound_inequalities_with_""and""']"
73,35d94c4be7e4c508baa4f33b15d48a1c606bbf0d,a3d9e92Inequality15,a3d9e92Inequality15a,,unlockHint,,,2022-02-14 04:41:29.282,"['solve_compound_inequalities_with_""and""']"
74,35d94c4be7e4c508baa4f33b15d48a1c606bbf0d,a3d9e92Inequality15,a3d9e92Inequality15a,,answerStep,True,False,2022-02-14 04:41:43.369,"['solve_compound_inequalities_with_""and""']"
75,35d94c4be7e4c508baa4f33b15d48a1c606bbf0d,a3d9e92Inequality13,a3d9e92Inequality13a,,unlockHint,,,2022-02-14 04:41:50.349,"['solve_compound_inequalities_with_""and""']"
76,35d94c4be7e4c508baa4f33b15d48a1c606bbf0d,a3d9e92Inequality13,a3d9e92Inequality13a,,unlockHint,,,2022-02-14 04:41:53.629,"['solve_compound_inequalities_with_""and""']"
77,35d94c4be7e4c508baa4f33b15d48a1c606bbf0d,a3d9e92Inequality13,a3d9e92Inequality13a,,unlockHint,,,2022-02-14 04:41:54.162,"['solve_compound_inequalities_with_""and""']"
78,35d94c4be7e4c508baa4f33b15d48a1c606bbf0d,a3d9e92Inequality13,a3d9e92Inequality13a,,unlockHint,,,2022-02-14 04:41:55.843,"['solve_compound_inequalities_with_""and""']"
79,35d94c4be7e4c508baa4f33b15d48a1c606bbf0d,a3d9e92Inequality13,a3d9e92Inequality13a,,answerStep,True,True,2022-02-14 04:42:07.448,"['solve_compound_inequalities_with_""and""']"
80,35d94c4be7e4c508baa4f33b15d48a1c606bbf0d,a3d9e92Inequality14,a3d9e92Inequality14a,,answerStep,False,True,2022-02-14 04:43:07.113,"['solve_compound_inequalities_with_""and""']"
81,35d94c4be7e4c508baa4f33b15d48a1c606bbf0d,a3d9e92Inequality14,a3d9e92Inequality14a,,answerStep,False,False,2022-02-14 04:43:18.196,"['solve_compound_inequalities_with_""and""']"
82,35d94c4be7e4c508baa4f33b15d48a1c606bbf0d,a3d9e92Inequality14,a3d9e92Inequality14a,,answerStep,False,False,2022-02-14 04:43:24.345,"['solve_compound_inequalities_with_""and""']"
83,35d94c4be7e4c508baa4f33b15d48a1c606bbf0d,a3d9e92Inequality14,a3d9e92Inequality14a,,unlockHint,,,2022-02-14 04:43:27.375,"['solve_compound_inequalities_with_""and""']"
84,35d94c4be7e4c508baa4f33b15d48a1c606bbf0d,a3d9e92Inequality14,a3d9e92Inequality14a,,unlockHint,,,2022-02-14 04:43:28.221,"['solve_compound_inequalities_with_""and""']"
85,35d94c4be7e4c508baa4f33b15d48a1c606bbf0d,a3d9e92Inequality14,a3d9e92Inequality14a,,unlockHint,,,2022-02-14 04:43:29.008,"['solve_compound_inequalities_with_""and""']"
86,35d94c4be7e4c508baa4f33b15d48a1c606bbf0d,a3d9e92Inequality14,a3d9e92Inequality14a,,answerStep,False,False,2022-02-14 04:43:40.681,"['solve_compound_inequalities_with_""and""']"
87,35d94c4be7e4c508baa4f33b15d48a1c606bbf0d,a3d9e92Inequality14,a3d9e92Inequality14a,,unlockHint,,,2022-02-14 04:43:44.639,"['solve_compound_inequalities_with_""and""']"
88,35d94c4be7e4c508baa4f33b15d48a1c606bbf0d,a3d9e92Inequality14,a3d9e92Inequality14a,,answerStep,True,False,2022-02-14 04:43:55.278,"['solve_compound_inequalities_with_""and""']"
89,35d94c4be7e4c508baa4f33b15d48a1c606bbf0d,a3d9e92Inequality5,a3d9e92Inequality5a,,answerStep,True,True,2022-02-14 04:44:42.678,"['solve_compound_inequalities_with_""and""']"
90,35d94c4be7e4c508baa4f33b15d48a1c606bbf0d,a3d9e92Inequality12,a3d9e92Inequality12a,,answerStep,True,True,2022-02-14 04:45:44.646,"['solve_compound_inequalities_with_""and""']"
91,35d94c4be7e4c508baa4f33b15d48a1c606bbf0d,a3d9e92Inequality2,a3d9e92Inequality2a,,answerStep,True,True,2022-02-14 04:45:54.937,"['solve_compound_inequalities_with_""and""']"
92,35d94c4be7e4c508baa4f33b15d48a1c606bbf0d,a3d9e92Inequality11,a3d9e92Inequality11a,,answerStep,False,True,2022-02-14 04:46:57.768,"['solve_compound_inequalities_with_""and""']"
93,35d94c4be7e4c508baa4f33b15d48a1c606bbf0d,a3d9e92Inequality11,a3d9e92Inequality11a,,answerStep,False,False,2022-02-14 04:47:08.636,"['solve_compound_inequalities_with_""and""']"
94,35d94c4be7e4c508baa4f33b15d48a1c606bbf0d,a3d9e92Inequality11,a3d9e92Inequality11a,,answerStep,False,False,2022-02-14 04:48:18.413,"['solve_compound_inequalities_with_""and""']"
95,35d94c4be7e4c508baa4f33b15d48a1c606bbf0d,a3d9e92Inequality11,a3d9e92Inequality11a,,answerStep,False,False,2022-02-14 04:48:25.209,"['solve_compound_inequalities_with_""and""']"
96,35d94c4be7e4c508baa4f33b15d48a1c606bbf0d,a3d9e92Inequality11,a3d9e92Inequality11a,,unlockHint,,,2022-02-14 04:48:40.893,"['solve_compound_inequalities_with_""and""']"
97,35d94c4be7e4c508baa4f33b15d48a1c606bbf0d,a3d9e92Inequality11,a3d9e92Inequality11a,,unlockHint,,,2022-02-14 04:48:41.902,"['solve_compound_inequalities_with_""and""']"
98,35d94c4be7e4c508baa4f33b15d48a1c606bbf0d,a3d9e92Inequality11,a3d9e92Inequality11a,,unlockHint,,,2022-02-14 04:48:42.814,"['solve_compound_inequalities_with_""and""']"
99,35d94c4be7e4c508baa4f33b15d48a1c606bbf0d,a3d9e92Inequality11,a3d9e92Inequality11a,,unlockHint,,,2022-02-14 04:48:45.732,"['solve_compound_inequalities_with_""and""']"
100,35d94c4be7e4c508baa4f33b15d48a1c606bbf0d,a3d9e92Inequality11,a3d9e92Inequality11a,,answerStep,True,False,2022-02-14 04:48:50.761,"['solve_compound_inequalities_with_""and""']"
101,35d94c4be7e4c508baa4f33b15d48a1c606bbf0d,a3d9e92Inequality10,a3d9e92Inequality10a,,answerStep,True,True,2022-02-14 04:49:49.183,"['solve_compound_inequalities_with_""and""']"
102,35d94c4be7e4c508baa4f33b15d48a1c606bbf0d,a3d9e92Inequality4,a3d9e92Inequality4a,,answerStep,True,True,2022-02-14 04:50:09.376,"['solve_compound_inequalities_with_""and""']"
103,f128d8e4164c71040a472d438141743a8e37749c,a3d9e92Inequality5,a3d9e92Inequality5a,,answerStep,True,True,2022-02-14 05:51:04.554,"['solve_compound_inequalities_with_""and""']"
104,f128d8e4164c71040a472d438141743a8e37749c,a3d9e92Inequality12,a3d9e92Inequality12a,,answerStep,False,True,2022-02-14 05:51:43.958,"['solve_compound_inequalities_with_""and""']"
105,f128d8e4164c71040a472d438141743a8e37749c,a3d9e92Inequality12,a3d9e92Inequality12a,,answerStep,True,False,2022-02-14 05:53:09.215,"['solve_compound_inequalities_with_""and""']"
106,f128d8e4164c71040a472d438141743a8e37749c,a3d9e92Inequality15,a3d9e92Inequality15a,,answerStep,True,True,2022-02-14 05:53:47.015,"['solve_compound_inequalities_with_""and""']"
107,f128d8e4164c71040a472d438141743a8e37749c,a3d9e92Inequality10,a3d9e92Inequality10a,,answerStep,True,True,2022-02-14 05:55:20.367,"['solve_compound_inequalities_with_""and""']"
108,f128d8e4164c71040a472d438141743a8e37749c,a3d9e92Inequality14,a3d9e92Inequality14a,,answerStep,False,True,2022-02-14 05:55:52.938,"['solve_compound_inequalities_with_""and""']"
109,f128d8e4164c71040a472d438141743a8e37749c,a3d9e92Inequality14,a3d9e92Inequality14a,,answerStep,False,False,2022-02-14 05:57:13.467,"['solve_compound_inequalities_with_""and""']"
110,f128d8e4164c71040a472d438141743a8e37749c,a3d9e92Inequality14,a3d9e92Inequality14a,,unlockHint,,,2022-02-14 05:57:16.776,"['solve_compound_inequalities_with_""and""']"
111,f128d8e4164c71040a472d438141743a8e37749c,a3d9e92Inequality14,a3d9e92Inequality14a,,unlockHint,,,2022-02-14 05:57:17.632,"['solve_compound_inequalities_with_""and""']"
112,f128d8e4164c71040a472d438141743a8e37749c,a3d9e92Inequality14,a3d9e92Inequality14a,,unlockHint,,,2022-02-14 05:57:18.389,"['solve_compound_inequalities_with_""and""']"
113,f128d8e4164c71040a472d438141743a8e37749c,a3d9e92Inequality14,a3d9e92Inequality14a,,unlockHint,,,2022-02-14 05:57:18.754,"['solve_compound_inequalities_with_""and""']"
114,f128d8e4164c71040a472d438141743a8e37749c,a3d9e92Inequality14,a3d9e92Inequality14a,,answerStep,True,False,2022-02-14 05:57:27.139,"['solve_compound_inequalities_with_""and""']"
115,f128d8e4164c71040a472d438141743a8e37749c,a3d9e92Inequality3,a3d9e92Inequality3a,,answerStep,True,True,2022-02-14 05:57:54.717,"['solve_compound_inequalities_with_""and""']"
116,f128d8e4164c71040a472d438141743a8e37749c,a3d9e92Inequality13,a3d9e92Inequality13a,,answerStep,False,True,2022-02-14 05:59:29.566,"['solve_compound_inequalities_with_""and""']"
117,f128d8e4164c71040a472d438141743a8e37749c,a3d9e92Inequality13,a3d9e92Inequality13a,,unlockHint,,,2022-02-14 05:59:31.761,"['solve_compound_inequalities_with_""and""']"
118,f128d8e4164c71040a472d438141743a8e37749c,a3d9e92Inequality13,a3d9e92Inequality13a,,unlockHint,,,2022-02-14 05:59:32.251,"['solve_compound_inequalities_with_""and""']"
119,f128d8e4164c71040a472d438141743a8e37749c,a3d9e92Inequality13,a3d9e92Inequality13a,,unlockHint,,,2022-02-14 05:59:32.583,"['solve_compound_inequalities_with_""and""']"
120,f128d8e4164c71040a472d438141743a8e37749c,a3d9e92Inequality13,a3d9e92Inequality13a,,unlockHint,,,2022-02-14 05:59:32.899,"['solve_compound_inequalities_with_""and""']"
121,f128d8e4164c71040a472d438141743a8e37749c,a3d9e92Inequality13,a3d9e92Inequality13a,,answerStep,True,False,2022-02-14 05:59:39.930,"['solve_compound_inequalities_with_""and""']"
122,f128d8e4164c71040a472d438141743a8e37749c,a3d9e92Inequality4,a3d9e92Inequality4a,,answerStep,True,True,2022-02-14 06:00:31.256,"['solve_compound_inequalities_with_""and""']"
123,f128d8e4164c71040a472d438141743a8e37749c,a3d9e92Inequality11,a3d9e92Inequality11a,,answerStep,True,True,2022-02-14 06:01:02.998,"['solve_compound_inequalities_with_""and""']"
124,f128d8e4164c71040a472d438141743a8e37749c,a3d9e92Inequality2,a3d9e92Inequality2a,,answerStep,True,True,2022-02-14 06:04:26.028,"['solve_compound_inequalities_with_""and""']"
125,f128d8e4164c71040a472d438141743a8e37749c,a3d9e92Inequality3,a3d9e92Inequality3a,,answerStep,True,False,2022-02-14 06:05:41.280,"['solve_compound_inequalities_with_""and""']"
126,f128d8e4164c71040a472d438141743a8e37749c,a3d9e92Inequality15,a3d9e92Inequality15a,,answerStep,True,False,2022-02-14 06:06:47.865,"['solve_compound_inequalities_with_""and""']"
127,f128d8e4164c71040a472d438141743a8e37749c,a3d9e92Inequality12,a3d9e92Inequality12a,,answerStep,True,False,2022-02-14 06:07:27.304,"['solve_compound_inequalities_with_""and""']"
128,f128d8e4164c71040a472d438141743a8e37749c,a3d9e92Inequality10,a3d9e92Inequality10a,,answerStep,True,False,2022-02-14 06:08:05.985,"['solve_compound_inequalities_with_""and""']"
129,f128d8e4164c71040a472d438141743a8e37749c,a3d9e92Inequality14,a3d9e92Inequality14a,,answerStep,False,False,2022-02-14 06:08:43.308,"['solve_compound_inequalities_with_""and""']"
130,f191addc4b6d685ab0b5f889fc8c062068edd56c,a3d9e92Inequality14,a3d9e92Inequality14a,,answerStep,False,True,2022-02-15 00:08:22.515,"['solve_compound_inequalities_with_""and""']"
131,f191addc4b6d685ab0b5f889fc8c062068edd56c,a3d9e92Inequality12,a3d9e92Inequality12a,,answerStep,False,True,2022-02-15 00:13:29.041,"['solve_compound_inequalities_with_""and""']"
132,4e96c5b4da1630955f21437c84abce422d24c39b,afb3ccdlang24,afb3ccdlang24a,,answerStep,True,True,2022-02-17 20:08:49.409,['simplify_expressions_using_the_order_of_operations']
133,4e96c5b4da1630955f21437c84abce422d24c39b,afb3ccdlang27,afb3ccdlang27a,,answerStep,False,True,2022-02-17 20:12:16.964,['simplify_expressions_using_the_order_of_operations']
134,4e96c5b4da1630955f21437c84abce422d24c39b,afb3ccdlang27,afb3ccdlang27a,,answerStep,True,False,2022-02-17 20:19:40.454,['simplify_expressions_using_the_order_of_operations']
135,4e96c5b4da1630955f21437c84abce422d24c39b,afb3ccdlang2,afb3ccdlang2a,,answerStep,False,True,2022-02-18 17:57:09.452,"['find_factors', 'prime_factorizations', 'and_least_common_multiples']"
136,4e96c5b4da1630955f21437c84abce422d24c39b,afb3ccdlang2,afb3ccdlang2a,,answerStep,False,False,2022-02-18 17:58:32.005,"['find_factors', 'prime_factorizations', 'and_least_common_multiples']"
137,4e96c5b4da1630955f21437c84abce422d24c39b,afb3ccdlang2,afb3ccdlang2a,,answerStep,False,False,2022-02-18 18:01:07.011,"['find_factors', 'prime_factorizations', 'and_least_common_multiples']"
138,4e96c5b4da1630955f21437c84abce422d24c39b,afb3ccdlang2,afb3ccdlang2a,,answerStep,False,False,2022-02-18 18:01:30.019,"['find_factors', 'prime_factorizations', 'and_least_common_multiples']"
139,4e96c5b4da1630955f21437c84abce422d24c39b,afb3ccdlang6,afb3ccdlang6a,,answerStep,True,True,2022-02-18 18:03:18.579,['evaluate_an_expression']
140,4e96c5b4da1630955f21437c84abce422d24c39b,afb3ccdlang6,afb3ccdlang6b,,answerStep,True,True,2022-02-18 18:03:46.781,['evaluate_an_expression']
141,4e96c5b4da1630955f21437c84abce422d24c39b,afb3ccdlang6,afb3ccdlang6c,,answerStep,True,True,2022-02-18 18:07:13.284,['evaluate_an_expression']
142,de64cf2a887d1dd989a7a6b283b019bec0f87a60,a1f32dfFormula13,a1f32dfFormula13a,,answerStep,True,True,2022-02-20 15:43:25.691,['solve_a_formula_for_a_specific_variable']
143,de64cf2a887d1dd989a7a6b283b019bec0f87a60,a1f32dfFormula13,a1f32dfFormula13b,,answerStep,True,True,2022-02-20 15:44:42.238,['solve_a_formula_for_a_specific_variable']
144,de64cf2a887d1dd989a7a6b283b019bec0f87a60,a1f9370SolvingFormul30,a1f9370SolvingFormul30a,,answerStep,False,True,2022-02-20 15:45:16.620,['2.3_solve_a_formula_for_a_specific_variable']
145,de64cf2a887d1dd989a7a6b283b019bec0f87a60,a1f9370SolvingFormul30,a1f9370SolvingFormul30a,,answerStep,False,False,2022-02-20 15:45:48.243,['2.3_solve_a_formula_for_a_specific_variable']
146,de64cf2a887d1dd989a7a6b283b019bec0f87a60,a1f9370SolvingFormul30,a1f9370SolvingFormul30a,,answerStep,False,False,2022-02-20 15:46:04.930,['2.3_solve_a_formula_for_a_specific_variable']
147,de64cf2a887d1dd989a7a6b283b019bec0f87a60,a1f9370SolvingFormul30,a1f9370SolvingFormul30a,,answerStep,False,False,2022-02-20 15:46:12.844,['2.3_solve_a_formula_for_a_specific_variable']
148,de64cf2a887d1dd989a7a6b283b019bec0f87a60,a1f9370SolvingFormul30,a1f9370SolvingFormul30a,,unlockHint,,,2022-02-20 15:46:17.970,['2.3_solve_a_formula_for_a_specific_variable']
149,de64cf2a887d1dd989a7a6b283b019bec0f87a60,a1f9370SolvingFormul30,a1f9370SolvingFormul30a,,unlockHint,,,2022-02-20 15:46:28.699,['2.3_solve_a_formula_for_a_specific_variable']
150,de64cf2a887d1dd989a7a6b283b019bec0f87a60,a1f9370SolvingFormul30,a1f9370SolvingFormul30a,,answerStep,False,False,2022-02-20 15:46:35.523,['2.3_solve_a_formula_for_a_specific_variable']
151,de64cf2a887d1dd989a7a6b283b019bec0f87a60,a1f9370SolvingFormul30,a1f9370SolvingFormul30a,,answerStep,True,False,2022-02-20 15:46:41.734,['2.3_solve_a_formula_for_a_specific_variable']
152,46b7f41636f9d82b419bc0e65f0320ad55900c47,aded0eclinear1,aded0eclinear1a,,answerStep,True,True,2022-03-09 00:08:16.248,['solve_linear_inequalities']
153,46b7f41636f9d82b419bc0e65f0320ad55900c47,aded0eclinear1,aded0eclinear1c,,answerStep,False,True,2022-03-09 00:09:35.674,['solve_linear_inequalities']
154,aaf8e7a1f1b767b5fdcb7ef73276814f810e639f,a8b6b9fLinear17,a8b6b9fLinear17a,,answerStep,True,True,2022-03-30 01:58:55.709,['use_a_general_strategy_to_solve_linear_equations']
155,aaf8e7a1f1b767b5fdcb7ef73276814f810e639f,a8b6b9fLinear17,a8b6b9fLinear17b,,answerStep,False,True,2022-03-30 01:58:57.927,['use_a_general_strategy_to_solve_linear_equations']
156,aaf8e7a1f1b767b5fdcb7ef73276814f810e639f,a8b6b9fLinear17,a8b6b9fLinear17b,,answerStep,True,False,2022-03-30 01:59:00.193,['use_a_general_strategy_to_solve_linear_equations']
157,aaf8e7a1f1b767b5fdcb7ef73276814f810e639f,a8b6b9fLinear16,a8b6b9fLinear16b,,answerStep,True,True,2022-03-30 01:59:05.003,['use_a_general_strategy_to_solve_linear_equations']
158,aaf8e7a1f1b767b5fdcb7ef73276814f810e639f,a8b6b9fLinear16,a8b6b9fLinear16a,,answerStep,False,True,2022-03-30 01:59:05.787,['use_a_general_strategy_to_solve_linear_equations']
159,aaf8e7a1f1b767b5fdcb7ef73276814f810e639f,a8b6b9fLinear16,a8b6b9fLinear16a,,answerStep,True,False,2022-03-30 01:59:07.347,['use_a_general_strategy_to_solve_linear_equations']
160,aaf8e7a1f1b767b5fdcb7ef73276814f810e639f,a8b6b9fLinear9,a8b6b9fLinear9a,,answerStep,True,True,2022-03-30 02:00:15.076,['use_a_general_strategy_to_solve_linear_equations']
161,aaf8e7a1f1b767b5fdcb7ef73276814f810e639f,a8b6b9fLinear20,a8b6b9fLinear20a,,answerStep,False,True,2022-03-30 02:00:40.939,['use_a_general_strategy_to_solve_linear_equations']
162,aaf8e7a1f1b767b5fdcb7ef73276814f810e639f,a8b6b9fLinear20,a8b6b9fLinear20a,,answerStep,True,False,2022-03-30 02:00:51.089,['use_a_general_strategy_to_solve_linear_equations']
163,aaf8e7a1f1b767b5fdcb7ef73276814f810e639f,a8b6b9fLinear22,a8b6b9fLinear22a,,answerStep,True,True,2022-03-30 02:01:10.318,['use_a_general_strategy_to_solve_linear_equations']
164,aaf8e7a1f1b767b5fdcb7ef73276814f810e639f,aff0960mixture25,aff0960mixture25a,,answerStep,True,True,2022-03-30 02:01:29.184,['solve_mixture_and_uniform_motion_applications']
165,aaf8e7a1f1b767b5fdcb7ef73276814f810e639f,aff0960mixture25,aff0960mixture25b,,answerStep,False,True,2022-03-30 02:01:32.131,['solve_mixture_and_uniform_motion_applications']
166,aaf8e7a1f1b767b5fdcb7ef73276814f810e639f,aff0960mixture25,aff0960mixture25b,,answerStep,True,False,2022-03-30 02:01:33.998,['solve_mixture_and_uniform_motion_applications']
167,aaf8e7a1f1b767b5fdcb7ef73276814f810e639f,aff0960mixture16,aff0960mixture16a,,answerStep,False,True,2022-03-30 02:01:37.258,['solve_mixture_and_uniform_motion_applications']
168,aaf8e7a1f1b767b5fdcb7ef73276814f810e639f,aff0960mixture16,aff0960mixture16a,,answerStep,False,False,2022-03-30 02:01:38.927,['solve_mixture_and_uniform_motion_applications']
169,aaf8e7a1f1b767b5fdcb7ef73276814f810e639f,aff0960mixture16,aff0960mixture16a,,answerStep,True,False,2022-03-30 02:01:40.446,['solve_mixture_and_uniform_motion_applications']
170,aaf8e7a1f1b767b5fdcb7ef73276814f810e639f,aff0960mixture16,aff0960mixture16b,,answerStep,True,True,2022-03-30 02:01:42.220,['solve_mixture_and_uniform_motion_applications']
171,aaf8e7a1f1b767b5fdcb7ef73276814f810e639f,aff0960mixture29,aff0960mixture29a,,answerStep,True,True,2022-03-30 02:01:45.438,['solve_mixture_and_uniform_motion_applications']
172,aaf8e7a1f1b767b5fdcb7ef73276814f810e639f,aff0960mixture29,aff0960mixture29b,,answerStep,True,True,2022-03-30 02:01:46.964,['solve_mixture_and_uniform_motion_applications']
173,aaf8e7a1f1b767b5fdcb7ef73276814f810e639f,aae6efeSolving24,aae6efeSolving24a,,answerStep,False,True,2022-03-30 02:03:11.076,['solving_linear_equation']
174,aaf8e7a1f1b767b5fdcb7ef73276814f810e639f,aae6efeSolving24,aae6efeSolving24a,,answerStep,False,False,2022-03-30 02:03:14.542,['solving_linear_equation']
175,aaf8e7a1f1b767b5fdcb7ef73276814f810e639f,aae6efeSolving24,aae6efeSolving24a,,answerStep,True,False,2022-03-30 02:03:53.939,['solving_linear_equation']
176,aaf8e7a1f1b767b5fdcb7ef73276814f810e639f,aae6efeSolving24,aae6efeSolving24b,,answerStep,False,True,2022-03-30 02:04:41.622,['solving_linear_equation']
177,aaf8e7a1f1b767b5fdcb7ef73276814f810e639f,aae6efeSolving24,aae6efeSolving24b,,answerStep,False,False,2022-03-30 02:04:46.593,['solving_linear_equation']
178,aaf8e7a1f1b767b5fdcb7ef73276814f810e639f,aae6efeSolving24,aae6efeSolving24b,,answerStep,False,False,2022-03-30 02:06:46.788,['solving_linear_equation']
179,aaf8e7a1f1b767b5fdcb7ef73276814f810e639f,aae6efeSolving24,aae6efeSolving24b,,answerStep,False,False,2022-03-30 02:06:49.987,['solving_linear_equation']
180,aaf8e7a1f1b767b5fdcb7ef73276814f810e639f,aae6efeSolving24,aae6efeSolving24b,,answerStep,False,False,2022-03-30 02:06:53.521,['solving_linear_equation']
181,aaf8e7a1f1b767b5fdcb7ef73276814f810e639f,aae6efeSolving24,aae6efeSolving24b,,answerStep,True,False,2022-03-30 02:07:31.347,['solving_linear_equation']
182,aaf8e7a1f1b767b5fdcb7ef73276814f810e639f,aae6efeSolving24,aae6efeSolving24c,,answerStep,False,True,2022-03-30 02:08:05.195,['solving_linear_equation']
183,aaf8e7a1f1b767b5fdcb7ef73276814f810e639f,aae6efeSolving24,aae6efeSolving24c,,answerStep,True,False,2022-03-30 02:08:12.818,['solving_linear_equation']
184,aaf8e7a1f1b767b5fdcb7ef73276814f810e639f,aae6efeSolving25,aae6efeSolving25a,,answerStep,True,True,2022-03-30 02:08:43.043,['solving_linear_equation']
185,aaf8e7a1f1b767b5fdcb7ef73276814f810e639f,aae6efeSolving25,aae6efeSolving25b,,answerStep,True,True,2022-03-30 02:09:47.260,['solving_linear_equation']
186,aaf8e7a1f1b767b5fdcb7ef73276814f810e639f,aae6efeSolving25,aae6efeSolving25c,,answerStep,True,True,2022-03-30 02:10:04.281,['solving_linear_equation']
187,aaf8e7a1f1b767b5fdcb7ef73276814f810e639f,aae6efeSolving4,aae6efeSolving4a,,answerStep,True,True,2022-03-30 02:10:56.347,['use_a_problem_solving_strategy']
188,aaf8e7a1f1b767b5fdcb7ef73276814f810e639f,aae6efeSolving10,aae6efeSolving10a,,answerStep,False,True,2022-03-30 02:10:59.452,['use_a_problem_solving_strategy']
189,aaf8e7a1f1b767b5fdcb7ef73276814f810e639f,aae6efeSolving10,aae6efeSolving10a,,answerStep,True,False,2022-03-30 02:11:00.861,['use_a_problem_solving_strategy']
190,aaf8e7a1f1b767b5fdcb7ef73276814f810e639f,aae6efeSolving3,aae6efeSolving3a,,answerStep,False,True,2022-03-30 02:11:38.808,['use_a_problem_solving_strategy']
191,aaf8e7a1f1b767b5fdcb7ef73276814f810e639f,aae6efeSolving3,aae6efeSolving3a,,answerStep,False,False,2022-03-30 02:13:17.211,['use_a_problem_solving_strategy']
192,aaf8e7a1f1b767b5fdcb7ef73276814f810e639f,aae6efeSolving3,aae6efeSolving3a,,answerStep,False,False,2022-03-30 02:13:19.860,['use_a_problem_solving_strategy']
193,aaf8e7a1f1b767b5fdcb7ef73276814f810e639f,aae6efeSolving3,aae6efeSolving3a,aae6efeSolving3a-h1,unlockHint,,,2022-03-30 02:13:28.733,['use_a_problem_solving_strategy']
194,aaf8e7a1f1b767b5fdcb7ef73276814f810e639f,aae6efeSolving3,aae6efeSolving3a,aae6efeSolving3a-h2,unlockHint,,,2022-03-30 02:13:30.581,['use_a_problem_solving_strategy']
195,aaf8e7a1f1b767b5fdcb7ef73276814f810e639f,aae6efeSolving3,aae6efeSolving3a,aae6efeSolving3a-h3,unlockHint,,,2022-03-30 02:13:31.878,['use_a_problem_solving_strategy']
196,aaf8e7a1f1b767b5fdcb7ef73276814f810e639f,aae6efeSolving3,aae6efeSolving3a,aae6efeSolving3a-h4,unlockHint,,,2022-03-30 02:13:32.826,['use_a_problem_solving_strategy']
197,aaf8e7a1f1b767b5fdcb7ef73276814f810e639f,aae6efeSolving3,aae6efeSolving3a,,answerStep,False,False,2022-03-30 02:13:48.524,['use_a_problem_solving_strategy']
198,aaf8e7a1f1b767b5fdcb7ef73276814f810e639f,aae6efeSolving3,aae6efeSolving3a,,answerStep,True,False,2022-03-30 02:13:59.038,['use_a_problem_solving_strategy']
199,aaf8e7a1f1b767b5fdcb7ef73276814f810e639f,aae6efeSolving11,aae6efeSolving11a,,answerStep,True,True,2022-03-30 02:14:04.400,['use_a_problem_solving_strategy']
200,aaf8e7a1f1b767b5fdcb7ef73276814f810e639f,aae6efeSolving7,aae6efeSolving7a,,answerStep,True,True,2022-03-30 02:14:08.947,['use_a_problem_solving_strategy']
201,aaf8e7a1f1b767b5fdcb7ef73276814f810e639f,aded0eclinear2,aded0eclinear2a,,answerStep,False,True,2022-03-30 02:14:40.877,['solve_linear_inequalities']
202,aaf8e7a1f1b767b5fdcb7ef73276814f810e639f,aded0eclinear2,aded0eclinear2a,,answerStep,False,False,2022-03-30 02:14:42.635,['solve_linear_inequalities']
203,aaf8e7a1f1b767b5fdcb7ef73276814f810e639f,aded0eclinear2,aded0eclinear2a,,answerStep,False,False,2022-03-30 02:14:44.227,['solve_linear_inequalities']
204,aaf8e7a1f1b767b5fdcb7ef73276814f810e639f,aded0eclinear2,aded0eclinear2a,,answerStep,True,False,2022-03-30 02:14:45.911,['solve_linear_inequalities']
205,aaf8e7a1f1b767b5fdcb7ef73276814f810e639f,aded0eclinear2,aded0eclinear2b,,answerStep,False,True,2022-03-30 02:14:47.777,['solve_linear_inequalities']
206,aaf8e7a1f1b767b5fdcb7ef73276814f810e639f,aded0eclinear2,aded0eclinear2b,,answerStep,False,False,2022-03-30 02:14:49.610,['solve_linear_inequalities']
207,aaf8e7a1f1b767b5fdcb7ef73276814f810e639f,aded0eclinear2,aded0eclinear2b,,answerStep,False,False,2022-03-30 02:14:51.186,['solve_linear_inequalities']
208,aaf8e7a1f1b767b5fdcb7ef73276814f810e639f,aded0eclinear2,aded0eclinear2b,,answerStep,False,False,2022-03-30 02:14:52.603,['solve_linear_inequalities']
209,aaf8e7a1f1b767b5fdcb7ef73276814f810e639f,aded0eclinear2,aded0eclinear2b,,answerStep,True,False,2022-03-30 02:14:53.787,['solve_linear_inequalities']
210,aaf8e7a1f1b767b5fdcb7ef73276814f810e639f,aded0eclinear2,aded0eclinear2c,,answerStep,False,True,2022-03-30 02:14:55.462,['solve_linear_inequalities']
211,aaf8e7a1f1b767b5fdcb7ef73276814f810e639f,aded0eclinear2,aded0eclinear2c,,answerStep,True,False,2022-03-30 02:14:57.296,['solve_linear_inequalities']
212,aaf8e7a1f1b767b5fdcb7ef73276814f810e639f,aded0eclinear1,aded0eclinear1a,,answerStep,False,True,2022-03-30 02:15:00.559,['solve_linear_inequalities']
213,aaf8e7a1f1b767b5fdcb7ef73276814f810e639f,aded0eclinear1,aded0eclinear1a,,answerStep,True,False,2022-03-30 02:15:02.225,['solve_linear_inequalities']
214,aaf8e7a1f1b767b5fdcb7ef73276814f810e639f,aded0eclinear1,aded0eclinear1b,,answerStep,False,True,2022-03-30 02:15:03.933,['solve_linear_inequalities']
215,aaf8e7a1f1b767b5fdcb7ef73276814f810e639f,aded0eclinear1,aded0eclinear1b,,answerStep,False,False,2022-03-30 02:15:05.385,['solve_linear_inequalities']
216,aaf8e7a1f1b767b5fdcb7ef73276814f810e639f,aded0eclinear1,aded0eclinear1b,,answerStep,False,False,2022-03-30 02:15:06.911,['solve_linear_inequalities']
217,aaf8e7a1f1b767b5fdcb7ef73276814f810e639f,aded0eclinear1,aded0eclinear1b,,answerStep,False,False,2022-03-30 02:15:08.437,['solve_linear_inequalities']
218,aaf8e7a1f1b767b5fdcb7ef73276814f810e639f,aded0eclinear1,aded0eclinear1b,,answerStep,True,False,2022-03-30 02:15:09.796,['solve_linear_inequalities']
219,aaf8e7a1f1b767b5fdcb7ef73276814f810e639f,aded0eclinear1,aded0eclinear1c,,answerStep,False,True,2022-03-30 02:15:11.188,['solve_linear_inequalities']
220,aaf8e7a1f1b767b5fdcb7ef73276814f810e639f,aded0eclinear1,aded0eclinear1c,,answerStep,False,False,2022-03-30 02:15:12.740,['solve_linear_inequalities']
221,aaf8e7a1f1b767b5fdcb7ef73276814f810e639f,aded0eclinear1,aded0eclinear1c,,answerStep,False,False,2022-03-30 02:15:14.190,['solve_linear_inequalities']
222,aaf8e7a1f1b767b5fdcb7ef73276814f810e639f,aded0eclinear1,aded0eclinear1c,,answerStep,True,False,2022-03-30 02:15:15.658,['solve_linear_inequalities']
223,aaf8e7a1f1b767b5fdcb7ef73276814f810e639f,aded0eclinear5,aded0eclinear5a,,answerStep,False,True,2022-03-30 02:15:18.200,['solve_linear_inequalities']
224,aaf8e7a1f1b767b5fdcb7ef73276814f810e639f,aded0eclinear5,aded0eclinear5a,,answerStep,False,False,2022-03-30 02:15:19.810,['solve_linear_inequalities']
225,aaf8e7a1f1b767b5fdcb7ef73276814f810e639f,aded0eclinear5,aded0eclinear5a,,answerStep,True,False,2022-03-30 02:15:21.103,['solve_linear_inequalities']
226,aaf8e7a1f1b767b5fdcb7ef73276814f810e639f,aded0eclinear5,aded0eclinear5b,,answerStep,False,True,2022-03-30 02:15:23.599,['solve_linear_inequalities']
227,aaf8e7a1f1b767b5fdcb7ef73276814f810e639f,aded0eclinear5,aded0eclinear5b,,answerStep,False,False,2022-03-30 02:15:25.169,['solve_linear_inequalities']
228,aaf8e7a1f1b767b5fdcb7ef73276814f810e639f,aded0eclinear5,aded0eclinear5b,,answerStep,False,False,2022-03-30 02:15:26.505,['solve_linear_inequalities']
229,aaf8e7a1f1b767b5fdcb7ef73276814f810e639f,aded0eclinear5,aded0eclinear5b,,answerStep,True,False,2022-03-30 02:15:27.653,['solve_linear_inequalities']
230,aaf8e7a1f1b767b5fdcb7ef73276814f810e639f,aded0eclinear5,aded0eclinear5c,,answerStep,False,True,2022-03-30 02:15:28.847,['solve_linear_inequalities']
231,aaf8e7a1f1b767b5fdcb7ef73276814f810e639f,aded0eclinear5,aded0eclinear5c,,answerStep,False,False,2022-03-30 02:15:30.067,['solve_linear_inequalities']
232,aaf8e7a1f1b767b5fdcb7ef73276814f810e639f,aded0eclinear5,aded0eclinear5c,,answerStep,True,False,2022-03-30 02:15:31.360,['solve_linear_inequalities']
233,aaf8e7a1f1b767b5fdcb7ef73276814f810e639f,aded0eclinear24,aded0eclinear24a,,answerStep,True,True,2022-03-30 02:16:40.580,['solve_linear_inequalities']
234,aaf8e7a1f1b767b5fdcb7ef73276814f810e639f,aded0eclinear8,aded0eclinear8a,,answerStep,False,True,2022-03-30 02:16:44.983,['solve_linear_inequalities']
235,aaf8e7a1f1b767b5fdcb7ef73276814f810e639f,aded0eclinear8,aded0eclinear8a,,answerStep,False,False,2022-03-30 02:16:46.453,['solve_linear_inequalities']
236,aaf8e7a1f1b767b5fdcb7ef73276814f810e639f,aded0eclinear8,aded0eclinear8a,,answerStep,False,False,2022-03-30 02:16:47.835,['solve_linear_inequalities']
237,aaf8e7a1f1b767b5fdcb7ef73276814f810e639f,aded0eclinear8,aded0eclinear8a,,answerStep,True,False,2022-03-30 02:16:49.144,['solve_linear_inequalities']
238,aaf8e7a1f1b767b5fdcb7ef73276814f810e639f,aded0eclinear18,aded0eclinear18a,,answerStep,True,True,2022-03-30 02:17:38.409,['solve_linear_inequalities']
239,aaf8e7a1f1b767b5fdcb7ef73276814f810e639f,a3d9e92Inequality5,a3d9e92Inequality5a,,answerStep,True,True,2022-03-30 02:22:33.391,"['solve_compound_inequalities_with_""and""']"
240,aaf8e7a1f1b767b5fdcb7ef73276814f810e639f,a3d9e92Inequality8,a3d9e92Inequality8a,,answerStep,False,True,2022-03-30 02:27:24.610,['solve_compound_inequalities_with_“or”']
241,aaf8e7a1f1b767b5fdcb7ef73276814f810e639f,a3d9e92Inequality8,a3d9e92Inequality8a,,answerStep,False,False,2022-03-30 02:27:28.442,['solve_compound_inequalities_with_“or”']
242,aaf8e7a1f1b767b5fdcb7ef73276814f810e639f,a3d9e92Inequality8,a3d9e92Inequality8a,,answerStep,False,False,2022-03-30 02:28:46.448,['solve_compound_inequalities_with_“or”']
243,aaf8e7a1f1b767b5fdcb7ef73276814f810e639f,a3d9e92Inequality8,a3d9e92Inequality8a,,answerStep,False,False,2022-03-30 02:28:54.992,['solve_compound_inequalities_with_“or”']
244,aaf8e7a1f1b767b5fdcb7ef73276814f810e639f,a3d9e92Inequality8,a3d9e92Inequality8a,,answerStep,False,False,2022-03-30 02:29:12.352,['solve_compound_inequalities_with_“or”']
245,aaf8e7a1f1b767b5fdcb7ef73276814f810e639f,a3d9e92Inequality8,a3d9e92Inequality8a,,answerStep,False,False,2022-03-30 02:31:16.887,['solve_compound_inequalities_with_“or”']
246,aaf8e7a1f1b767b5fdcb7ef73276814f810e639f,a3d9e92Inequality8,a3d9e92Inequality8a,a3d9e92Inequality8a-h1,unlockHint,,,2022-03-30 02:32:19.392,['solve_compound_inequalities_with_“or”']
247,aaf8e7a1f1b767b5fdcb7ef73276814f810e639f,a3d9e92Inequality8,a3d9e92Inequality8a,a3d9e92Inequality8a-h2,unlockHint,,,2022-03-30 02:32:20.237,['solve_compound_inequalities_with_“or”']
248,aaf8e7a1f1b767b5fdcb7ef73276814f810e639f,a3d9e92Inequality8,a3d9e92Inequality8a,a3d9e92Inequality8a-h2,unlockHint,,,2022-03-30 02:32:20.909,['solve_compound_inequalities_with_“or”']
249,aaf8e7a1f1b767b5fdcb7ef73276814f810e639f,a3d9e92Inequality8,a3d9e92Inequality8a,,answerStep,False,False,2022-03-30 02:32:26.439,['solve_compound_inequalities_with_“or”']
250,aaf8e7a1f1b767b5fdcb7ef73276814f810e639f,a3d9e92Inequality8,a3d9e92Inequality8a,,answerStep,False,False,2022-03-30 02:32:28.807,['solve_compound_inequalities_with_“or”']
251,aaf8e7a1f1b767b5fdcb7ef73276814f810e639f,a3d9e92Inequality8,a3d9e92Inequality8a,,answerStep,False,False,2022-03-30 02:32:59.373,['solve_compound_inequalities_with_“or”']
252,aaf8e7a1f1b767b5fdcb7ef73276814f810e639f,a3d9e92Inequality8,a3d9e92Inequality8a,,answerStep,False,False,2022-03-30 02:33:18.830,['solve_compound_inequalities_with_“or”']
253,aaf8e7a1f1b767b5fdcb7ef73276814f810e639f,a3d9e92Inequality8,a3d9e92Inequality8a,,answerStep,False,False,2022-03-30 02:34:35.501,['solve_compound_inequalities_with_“or”']
254,aaf8e7a1f1b767b5fdcb7ef73276814f810e639f,a3d9e92Inequality8,a3d9e92Inequality8a,,answerStep,False,False,2022-03-30 02:34:45.825,['solve_compound_inequalities_with_“or”']
255,aaf8e7a1f1b767b5fdcb7ef73276814f810e639f,a3d9e92Inequality8,a3d9e92Inequality8a,,answerStep,False,False,2022-03-30 02:35:07.987,['solve_compound_inequalities_with_“or”']
256,aaf8e7a1f1b767b5fdcb7ef73276814f810e639f,a3d9e92Inequality8,a3d9e92Inequality8a,,answerStep,False,False,2022-03-30 02:35:14.927,['solve_compound_inequalities_with_“or”']
257,aaf8e7a1f1b767b5fdcb7ef73276814f810e639f,a3d9e92Inequality8,a3d9e92Inequality8a,,answerStep,False,False,2022-03-30 02:35:37.630,['solve_compound_inequalities_with_“or”']
258,aaf8e7a1f1b767b5fdcb7ef73276814f810e639f,a3d9e92Inequality6,a3d9e92Inequality6a,,answerStep,False,True,2022-03-30 02:39:59.323,['solve_compound_inequalities_with_“or”']
259,aaf8e7a1f1b767b5fdcb7ef73276814f810e639f,a3d9e92Inequality6,a3d9e92Inequality6a,,answerStep,False,False,2022-03-30 02:40:07.619,['solve_compound_inequalities_with_“or”']
260,aaf8e7a1f1b767b5fdcb7ef73276814f810e639f,a3d9e92Inequality6,a3d9e92Inequality6a,,answerStep,False,False,2022-03-30 02:41:01.765,['solve_compound_inequalities_with_“or”']
261,aaf8e7a1f1b767b5fdcb7ef73276814f810e639f,a3d9e92Inequality6,a3d9e92Inequality6a,,answerStep,False,False,2022-03-30 02:41:06.057,['solve_compound_inequalities_with_“or”']
262,aaf8e7a1f1b767b5fdcb7ef73276814f810e639f,a3d9e92Inequality6,a3d9e92Inequality6a,,answerStep,False,False,2022-03-30 02:41:08.458,['solve_compound_inequalities_with_“or”']
263,aaf8e7a1f1b767b5fdcb7ef73276814f810e639f,a3d9e92Inequality6,a3d9e92Inequality6a,,answerStep,False,False,2022-03-30 02:41:12.016,['solve_compound_inequalities_with_“or”']
264,aaf8e7a1f1b767b5fdcb7ef73276814f810e639f,a3d9e92Inequality6,a3d9e92Inequality6a,,answerStep,False,False,2022-03-30 02:41:29.012,['solve_compound_inequalities_with_“or”']
265,aaf8e7a1f1b767b5fdcb7ef73276814f810e639f,a3d9e92Inequality6,a3d9e92Inequality6a,,answerStep,False,False,2022-03-30 02:41:43.425,['solve_compound_inequalities_with_“or”']
266,aaf8e7a1f1b767b5fdcb7ef73276814f810e639f,a3d9e92Inequality6,a3d9e92Inequality6a,a3d9e92Inequality6a-h1,unlockHint,,,2022-03-30 02:42:12.200,['solve_compound_inequalities_with_“or”']
267,aaf8e7a1f1b767b5fdcb7ef73276814f810e639f,a3d9e92Inequality6,a3d9e92Inequality6a,a3d9e92Inequality6a-h2,unlockHint,,,2022-03-30 02:42:13.277,['solve_compound_inequalities_with_“or”']
268,aaf8e7a1f1b767b5fdcb7ef73276814f810e639f,a3d9e92Inequality6,a3d9e92Inequality6a,a3d9e92Inequality6a-h2,unlockHint,,,2022-03-30 02:42:14.228,['solve_compound_inequalities_with_“or”']
269,aaf8e7a1f1b767b5fdcb7ef73276814f810e639f,a3d9e92Inequality6,a3d9e92Inequality6a,,answerStep,False,False,2022-03-30 02:42:20.030,['solve_compound_inequalities_with_“or”']
270,aaf8e7a1f1b767b5fdcb7ef73276814f810e639f,a3d9e92Inequality6,a3d9e92Inequality6a,,answerStep,True,False,2022-03-30 02:43:12.101,['solve_compound_inequalities_with_“or”']
271,aaf8e7a1f1b767b5fdcb7ef73276814f810e639f,a3d9e92Inequality8,a3d9e92Inequality8a,,answerStep,False,False,2022-03-30 02:44:02.196,['solve_compound_inequalities_with_“or”']
272,aaf8e7a1f1b767b5fdcb7ef73276814f810e639f,a3d9e92Inequality8,a3d9e92Inequality8a,,answerStep,False,False,2022-03-30 02:44:15.267,['solve_compound_inequalities_with_“or”']
273,aaf8e7a1f1b767b5fdcb7ef73276814f810e639f,a3d9e92Inequality8,a3d9e92Inequality8a,,answerStep,False,False,2022-03-30 02:44:27.927,['solve_compound_inequalities_with_“or”']
274,aaf8e7a1f1b767b5fdcb7ef73276814f810e639f,a3d9e92Inequality8,a3d9e92Inequality8a,,answerStep,False,False,2022-03-30 02:44:41.699,['solve_compound_inequalities_with_“or”']
275,aaf8e7a1f1b767b5fdcb7ef73276814f810e639f,a3d9e92Inequality8,a3d9e92Inequality8a,,answerStep,False,False,2022-03-30 02:45:10.837,['solve_compound_inequalities_with_“or”']
276,aaf8e7a1f1b767b5fdcb7ef73276814f810e639f,a3d9e92Inequality8,a3d9e92Inequality8a,,answerStep,False,False,2022-03-30 02:45:19.972,['solve_compound_inequalities_with_“or”']
277,aaf8e7a1f1b767b5fdcb7ef73276814f810e639f,a3d9e92Inequality8,a3d9e92Inequality8a,a3d9e92Inequality8a-h1,unlockHint,,,2022-03-30 02:45:27.172,['solve_compound_inequalities_with_“or”']
278,aaf8e7a1f1b767b5fdcb7ef73276814f810e639f,a3d9e92Inequality8,a3d9e92Inequality8a,a3d9e92Inequality8a-h2,unlockHint,,,2022-03-30 02:45:28.098,['solve_compound_inequalities_with_“or”']
279,aaf8e7a1f1b767b5fdcb7ef73276814f810e639f,a3d9e92Inequality8,a3d9e92Inequality8a,a3d9e92Inequality8a-h2,unlockHint,,,2022-03-30 02:45:28.865,['solve_compound_inequalities_with_“or”']
280,aaf8e7a1f1b767b5fdcb7ef73276814f810e639f,a3d9e92Inequality8,a3d9e92Inequality8a,,answerStep,False,False,2022-03-30 02:45:42.925,['solve_compound_inequalities_with_“or”']
281,aaf8e7a1f1b767b5fdcb7ef73276814f810e639f,a3d9e92Inequality8,a3d9e92Inequality8a,,answerStep,False,False,2022-03-30 02:46:22.137,['solve_compound_inequalities_with_“or”']
282,aaf8e7a1f1b767b5fdcb7ef73276814f810e639f,a3d9e92Inequality8,a3d9e92Inequality8a,,answerStep,False,False,2022-03-30 02:46:34.764,['solve_compound_inequalities_with_“or”']
283,aaf8e7a1f1b767b5fdcb7ef73276814f810e639f,a3d9e92Inequality8,a3d9e92Inequality8a,,answerStep,False,False,2022-03-30 02:46:53.024,['solve_compound_inequalities_with_“or”']
284,aaf8e7a1f1b767b5fdcb7ef73276814f810e639f,a3d9e92Inequality8,a3d9e92Inequality8a,,answerStep,False,False,2022-03-30 02:47:11.886,['solve_compound_inequalities_with_“or”']
285,aaf8e7a1f1b767b5fdcb7ef73276814f810e639f,a3d9e92Inequality8,a3d9e92Inequality8a,,answerStep,False,False,2022-03-30 02:47:15.061,['solve_compound_inequalities_with_“or”']
286,aaf8e7a1f1b767b5fdcb7ef73276814f810e639f,a3d9e92Inequality8,a3d9e92Inequality8a,,answerStep,True,False,2022-03-30 02:47:20.546,['solve_compound_inequalities_with_“or”']
287,aaf8e7a1f1b767b5fdcb7ef73276814f810e639f,a3d9e92Inequality7,a3d9e92Inequality7a,,answerStep,False,True,2022-03-30 02:48:17.225,['solve_compound_inequalities_with_“or”']
288,aaf8e7a1f1b767b5fdcb7ef73276814f810e639f,a3d9e92Inequality7,a3d9e92Inequality7a,a3d9e92Inequality7a-h1,unlockHint,,,2022-03-30 02:48:37.222,['solve_compound_inequalities_with_“or”']
289,aaf8e7a1f1b767b5fdcb7ef73276814f810e639f,a3d9e92Inequality7,a3d9e92Inequality7a,a3d9e92Inequality7a-h2,unlockHint,,,2022-03-30 02:48:38.328,['solve_compound_inequalities_with_“or”']
290,aaf8e7a1f1b767b5fdcb7ef73276814f810e639f,a3d9e92Inequality7,a3d9e92Inequality7a,a3d9e92Inequality7a-h2,unlockHint,,,2022-03-30 02:48:40.017,['solve_compound_inequalities_with_“or”']
291,aaf8e7a1f1b767b5fdcb7ef73276814f810e639f,a3d9e92Inequality7,a3d9e92Inequality7a,,answerStep,True,False,2022-03-30 02:48:52.558,['solve_compound_inequalities_with_“or”']
292,aaf8e7a1f1b767b5fdcb7ef73276814f810e639f,a3d9e92Inequality9,a3d9e92Inequality9a,,answerStep,False,True,2022-03-30 02:49:38.947,['solve_compound_inequalities_with_“or”']
293,aaf8e7a1f1b767b5fdcb7ef73276814f810e639f,a3d9e92Inequality9,a3d9e92Inequality9a,,answerStep,True,False,2022-03-30 02:50:00.053,['solve_compound_inequalities_with_“or”']
294,aaf8e7a1f1b767b5fdcb7ef73276814f810e639f,a3d9e92Inequality15,a3d9e92Inequality15a,,answerStep,True,True,2022-03-30 02:50:32.950,"['solve_compound_inequalities_with_""and""']"
295,aaf8e7a1f1b767b5fdcb7ef73276814f810e639f,a3d9e92Inequality5,a3d9e92Inequality5a,,answerStep,True,False,2022-03-30 02:51:05.297,"['solve_compound_inequalities_with_""and""']"
296,aaf8e7a1f1b767b5fdcb7ef73276814f810e639f,a3d9e92Inequality10,a3d9e92Inequality10a,,answerStep,True,True,2022-03-30 02:51:38.710,"['solve_compound_inequalities_with_""and""']"
297,aaf8e7a1f1b767b5fdcb7ef73276814f810e639f,a3d9e92Inequality4,a3d9e92Inequality4a,,answerStep,True,True,2022-03-30 02:52:12.329,"['solve_compound_inequalities_with_""and""']"
298,aaf8e7a1f1b767b5fdcb7ef73276814f810e639f,a3d9e92Inequality13,a3d9e92Inequality13a,,answerStep,False,True,2022-03-30 02:53:03.746,"['solve_compound_inequalities_with_""and""']"
299,aaf8e7a1f1b767b5fdcb7ef73276814f810e639f,a3d9e92Inequality13,a3d9e92Inequality13a,,answerStep,False,False,2022-03-30 02:53:24.427,"['solve_compound_inequalities_with_""and""']"
300,aaf8e7a1f1b767b5fdcb7ef73276814f810e639f,a3d9e92Inequality13,a3d9e92Inequality13a,,answerStep,False,False,2022-03-30 02:53:55.407,"['solve_compound_inequalities_with_""and""']"
301,aaf8e7a1f1b767b5fdcb7ef73276814f810e639f,a3d9e92Inequality13,a3d9e92Inequality13a,a3d9e92Inequality13a-h1,unlockHint,,,2022-03-30 02:53:58.292,"['solve_compound_inequalities_with_""and""']"
302,aaf8e7a1f1b767b5fdcb7ef73276814f810e639f,a3d9e92Inequality13,a3d9e92Inequality13a,a3d9e92Inequality13a-h2,unlockHint,,,2022-03-30 02:53:59.181,"['solve_compound_inequalities_with_""and""']"
303,aaf8e7a1f1b767b5fdcb7ef73276814f810e639f,a3d9e92Inequality13,a3d9e92Inequality13a,a3d9e92Inequality13a-h3,unlockHint,,,2022-03-30 02:54:00.051,"['solve_compound_inequalities_with_""and""']"
304,aaf8e7a1f1b767b5fdcb7ef73276814f810e639f,a3d9e92Inequality13,a3d9e92Inequality13a,a3d9e92Inequality13a-h3,unlockHint,,,2022-03-30 02:54:00.928,"['solve_compound_inequalities_with_""and""']"
305,aaf8e7a1f1b767b5fdcb7ef73276814f810e639f,a3d9e92Inequality13,a3d9e92Inequality13a,,answerStep,True,False,2022-03-30 02:54:10.976,"['solve_compound_inequalities_with_""and""']"
306,aaf8e7a1f1b767b5fdcb7ef73276814f810e639f,a3d9e92Inequality12,a3d9e92Inequality12a,,answerStep,True,True,2022-03-30 02:54:52.557,"['solve_compound_inequalities_with_""and""']"
307,aaf8e7a1f1b767b5fdcb7ef73276814f810e639f,a3d9e92Inequality2,a3d9e92Inequality2a,,answerStep,True,True,2022-03-30 02:55:19.707,"['solve_compound_inequalities_with_""and""']"
308,aaf8e7a1f1b767b5fdcb7ef73276814f810e639f,a3d9e92Inequality11,a3d9e92Inequality11a,,answerStep,True,True,2022-03-30 02:55:54.187,"['solve_compound_inequalities_with_""and""']"
309,aaf8e7a1f1b767b5fdcb7ef73276814f810e639f,a3d9e92Inequality14,a3d9e92Inequality14a,,answerStep,False,True,2022-03-30 02:59:51.219,"['solve_compound_inequalities_with_""and""']"
310,aaf8e7a1f1b767b5fdcb7ef73276814f810e639f,a3d9e92Inequality14,a3d9e92Inequality14a,a3d9e92Inequality14a-h1,unlockHint,,,2022-03-30 03:00:02.447,"['solve_compound_inequalities_with_""and""']"
311,aaf8e7a1f1b767b5fdcb7ef73276814f810e639f,a3d9e92Inequality14,a3d9e92Inequality14a,a3d9e92Inequality14a-h2,unlockHint,,,2022-03-30 03:00:04.077,"['solve_compound_inequalities_with_""and""']"
312,aaf8e7a1f1b767b5fdcb7ef73276814f810e639f,a3d9e92Inequality14,a3d9e92Inequality14a,a3d9e92Inequality14a-h3,unlockHint,,,2022-03-30 03:00:04.927,"['solve_compound_inequalities_with_""and""']"
313,aaf8e7a1f1b767b5fdcb7ef73276814f810e639f,a3d9e92Inequality14,a3d9e92Inequality14a,a3d9e92Inequality14a-h3,unlockHint,,,2022-03-30 03:00:06.071,"['solve_compound_inequalities_with_""and""']"
314,aaf8e7a1f1b767b5fdcb7ef73276814f810e639f,a3d9e92Inequality14,a3d9e92Inequality14a,,answerStep,True,False,2022-03-30 03:00:17.412,"['solve_compound_inequalities_with_""and""']"
315,aaf8e7a1f1b767b5fdcb7ef73276814f810e639f,a3d9e92Inequality3,a3d9e92Inequality3a,,answerStep,True,True,2022-03-30 03:00:46.768,"['solve_compound_inequalities_with_""and""']"
316,aaf8e7a1f1b767b5fdcb7ef73276814f810e639f,a3d9e92Inequality6,a3d9e92Inequality6a,,answerStep,False,False,2022-03-30 03:02:04.489,['solve_compound_inequalities_with_“or”']
317,aaf8e7a1f1b767b5fdcb7ef73276814f810e639f,a3d9e92Inequality6,a3d9e92Inequality6a,,answerStep,True,False,2022-03-30 03:02:19.180,['solve_compound_inequalities_with_“or”']
318,aaf8e7a1f1b767b5fdcb7ef73276814f810e639f,a4488b1Fraction6,a4488b1Fraction6b,,answerStep,True,True,2022-03-30 03:06:15.393,['fraction']
319,aaf8e7a1f1b767b5fdcb7ef73276814f810e639f,a4488b1Fraction6,a4488b1Fraction6a,,answerStep,False,True,2022-03-30 03:08:06.958,['fraction']
320,aaf8e7a1f1b767b5fdcb7ef73276814f810e639f,a4488b1Fraction6,a4488b1Fraction6a,,answerStep,False,False,2022-03-30 03:08:14.275,['fraction']
321,aaf8e7a1f1b767b5fdcb7ef73276814f810e639f,a4488b1Fraction6,a4488b1Fraction6a,a4488b1Fraction6a-h1,unlockHint,,,2022-03-30 03:08:21.996,['fraction']
322,aaf8e7a1f1b767b5fdcb7ef73276814f810e639f,a4488b1Fraction6,a4488b1Fraction6a,a4488b1Fraction6a-h2,unlockHint,,,2022-03-30 03:08:22.916,['fraction']
323,aaf8e7a1f1b767b5fdcb7ef73276814f810e639f,a4488b1Fraction6,a4488b1Fraction6a,a4488b1Fraction6a-h2,unlockHint,,,2022-03-30 03:08:25.779,['fraction']
324,aaf8e7a1f1b767b5fdcb7ef73276814f810e639f,a4488b1Fraction6,a4488b1Fraction6a,a4488b1Fraction6a-h2,unlockHint,,,2022-03-30 03:08:31.763,['fraction']
325,aaf8e7a1f1b767b5fdcb7ef73276814f810e639f,a4488b1Fraction6,a4488b1Fraction6a,a4488b1Fraction6a-h2,unlockHint,,,2022-03-30 03:08:33.262,['fraction']
326,aaf8e7a1f1b767b5fdcb7ef73276814f810e639f,a4488b1Fraction6,a4488b1Fraction6a,,answerStep,False,False,2022-03-30 03:09:09.399,['fraction']
327,aaf8e7a1f1b767b5fdcb7ef73276814f810e639f,a4488b1Fraction6,a4488b1Fraction6a,,answerStep,False,False,2022-03-30 03:11:40.172,['fraction']
328,aaf8e7a1f1b767b5fdcb7ef73276814f810e639f,a4488b1Fraction6,a4488b1Fraction6a,,answerStep,True,False,2022-03-30 03:13:08.355,['fraction']
329,aaf8e7a1f1b767b5fdcb7ef73276814f810e639f,a4488b1Fraction14,a4488b1Fraction14a,,answerStep,True,True,2022-03-30 03:14:01.271,['fraction']
330,aaf8e7a1f1b767b5fdcb7ef73276814f810e639f,a4488b1Fraction14,a4488b1Fraction14b,,answerStep,True,True,2022-03-30 03:14:37.828,['fraction']
331,aaf8e7a1f1b767b5fdcb7ef73276814f810e639f,afb3ccdlang2,afb3ccdlang2a,,answerStep,False,True,2022-03-30 03:15:58.663,"['find_factors', 'prime_factorizations', 'and_least_common_multiples']"
332,aaf8e7a1f1b767b5fdcb7ef73276814f810e639f,afb3ccdlang2,afb3ccdlang2a,,answerStep,False,False,2022-03-30 03:16:06.114,"['find_factors', 'prime_factorizations', 'and_least_common_multiples']"
333,aaf8e7a1f1b767b5fdcb7ef73276814f810e639f,afb3ccdlang2,afb3ccdlang2a,,answerStep,False,False,2022-03-30 03:16:09.756,"['find_factors', 'prime_factorizations', 'and_least_common_multiples']"
334,aaf8e7a1f1b767b5fdcb7ef73276814f810e639f,afb3ccdlang2,afb3ccdlang2a,,answerStep,False,False,2022-03-30 03:16:12.907,"['find_factors', 'prime_factorizations', 'and_least_common_multiples']"
335,aaf8e7a1f1b767b5fdcb7ef73276814f810e639f,afb3ccdlang2,afb3ccdlang2a,,answerStep,False,False,2022-03-30 03:16:17.001,"['find_factors', 'prime_factorizations', 'and_least_common_multiples']"
336,aaf8e7a1f1b767b5fdcb7ef73276814f810e639f,afb3ccdlang2,afb3ccdlang2a,,answerStep,False,False,2022-03-30 03:16:55.706,"['find_factors', 'prime_factorizations', 'and_least_common_multiples']"
337,aaf8e7a1f1b767b5fdcb7ef73276814f810e639f,afb3ccdlang2,afb3ccdlang2a,,answerStep,False,False,2022-03-30 03:17:04.144,"['find_factors', 'prime_factorizations', 'and_least_common_multiples']"
338,aaf8e7a1f1b767b5fdcb7ef73276814f810e639f,afb3ccdlang2,afb3ccdlang2a,,answerStep,False,False,2022-03-30 03:17:26.218,"['find_factors', 'prime_factorizations', 'and_least_common_multiples']"
339,aaf8e7a1f1b767b5fdcb7ef73276814f810e639f,afb3ccdlang2,afb3ccdlang2a,afb3ccdlang2a-h1,unlockHint,,,2022-03-30 03:17:36.730,"['find_factors', 'prime_factorizations', 'and_least_common_multiples']"
340,aaf8e7a1f1b767b5fdcb7ef73276814f810e639f,afb3ccdlang2,afb3ccdlang2a,afb3ccdlang2a-h2,unlockHint,,,2022-03-30 03:17:37.410,"['find_factors', 'prime_factorizations', 'and_least_common_multiples']"
341,aaf8e7a1f1b767b5fdcb7ef73276814f810e639f,afb3ccdlang2,afb3ccdlang2a,afb3ccdlang2a-h3,unlockHint,,,2022-03-30 03:17:38.205,"['find_factors', 'prime_factorizations', 'and_least_common_multiples']"
342,aaf8e7a1f1b767b5fdcb7ef73276814f810e639f,afb3ccdlang2,afb3ccdlang2a,afb3ccdlang2a-h4,unlockHint,,,2022-03-30 03:17:38.920,"['find_factors', 'prime_factorizations', 'and_least_common_multiples']"
343,aaf8e7a1f1b767b5fdcb7ef73276814f810e639f,afb3ccdlang2,afb3ccdlang2a,afb3ccdlang2a-h5,unlockHint,,,2022-03-30 03:17:39.775,"['find_factors', 'prime_factorizations', 'and_least_common_multiples']"
344,aaf8e7a1f1b767b5fdcb7ef73276814f810e639f,afb3ccdlang2,afb3ccdlang2a,afb3ccdlang2a-h6,unlockHint,,,2022-03-30 03:17:40.727,"['find_factors', 'prime_factorizations', 'and_least_common_multiples']"
345,aaf8e7a1f1b767b5fdcb7ef73276814f810e639f,afb3ccdlang2,afb3ccdlang2a,afb3ccdlang2a-h7,unlockHint,,,2022-03-30 03:17:41.316,"['find_factors', 'prime_factorizations', 'and_least_common_multiples']"
346,aaf8e7a1f1b767b5fdcb7ef73276814f810e639f,afb3ccdlang2,afb3ccdlang2a,afb3ccdlang2a-h7,unlockHint,,,2022-03-30 03:17:42.097,"['find_factors', 'prime_factorizations', 'and_least_common_multiples']"
347,aaf8e7a1f1b767b5fdcb7ef73276814f810e639f,afb3ccdlang2,afb3ccdlang2a,,answerStep,True,False,2022-03-30 03:17:57.109,"['find_factors', 'prime_factorizations', 'and_least_common_multiples']"
348,aaf8e7a1f1b767b5fdcb7ef73276814f810e639f,afb3ccdlang6,afb3ccdlang6a,,answerStep,True,True,2022-03-30 03:18:32.178,['evaluate_an_expression']
349,aaf8e7a1f1b767b5fdcb7ef73276814f810e639f,afb3ccdlang6,afb3ccdlang6b,,answerStep,True,True,2022-03-30 03:18:50.505,['evaluate_an_expression']
350,aaf8e7a1f1b767b5fdcb7ef73276814f810e639f,afb3ccdlang6,afb3ccdlang6c,,answerStep,True,True,2022-03-30 03:21:30.530,['evaluate_an_expression']
351,aaf8e7a1f1b767b5fdcb7ef73276814f810e639f,a4d2b33use4,a4d2b33use4a,,answerStep,False,True,2022-03-30 03:22:28.759,['identify_and_combine_like_terms']
352,aaf8e7a1f1b767b5fdcb7ef73276814f810e639f,a4d2b33use4,a4d2b33use4a,,answerStep,False,False,2022-03-30 03:22:43.230,['identify_and_combine_like_terms']
353,aaf8e7a1f1b767b5fdcb7ef73276814f810e639f,a4d2b33use4,a4d2b33use4a,a4d2b33use4a-h1,unlockHint,,,2022-03-30 03:22:51.378,['identify_and_combine_like_terms']
354,aaf8e7a1f1b767b5fdcb7ef73276814f810e639f,a4d2b33use4,a4d2b33use4a,,answerStep,False,False,2022-03-30 03:23:36.468,['identify_and_combine_like_terms']
355,aaf8e7a1f1b767b5fdcb7ef73276814f810e639f,a4d2b33use4,a4d2b33use4a,,answerStep,False,False,2022-03-30 03:23:47.223,['identify_and_combine_like_terms']
356,aaf8e7a1f1b767b5fdcb7ef73276814f810e639f,a4d2b33use4,a4d2b33use4a,,answerStep,True,False,2022-03-30 03:25:06.310,['identify_and_combine_like_terms']
357,aaf8e7a1f1b767b5fdcb7ef73276814f810e639f,a4d2b33use4,a4d2b33use4b,,answerStep,True,True,2022-03-30 03:25:12.541,['identify_and_combine_like_terms']
358,aaf8e7a1f1b767b5fdcb7ef73276814f810e639f,a4d2b33use4,a4d2b33use4c,,answerStep,False,True,2022-03-30 03:25:15.843,['identify_and_combine_like_terms']
359,aaf8e7a1f1b767b5fdcb7ef73276814f810e639f,a4d2b33use4,a4d2b33use4c,,answerStep,False,False,2022-03-30 03:25:19.993,['identify_and_combine_like_terms']
360,aaf8e7a1f1b767b5fdcb7ef73276814f810e639f,a4d2b33use4,a4d2b33use4c,,answerStep,False,False,2022-03-30 03:25:50.053,['identify_and_combine_like_terms']
361,aaf8e7a1f1b767b5fdcb7ef73276814f810e639f,a4d2b33use4,a4d2b33use4c,,answerStep,True,False,2022-03-30 03:25:55.554,['identify_and_combine_like_terms']
362,aaf8e7a1f1b767b5fdcb7ef73276814f810e639f,afb3ccdlang3,afb3ccdlang3a,,answerStep,False,True,2022-03-30 03:26:50.180,"['find_factors', 'prime_factorizations', 'and_least_common_multiples']"
363,aaf8e7a1f1b767b5fdcb7ef73276814f810e639f,afb3ccdlang3,afb3ccdlang3a,,answerStep,False,False,2022-03-30 03:27:28.659,"['find_factors', 'prime_factorizations', 'and_least_common_multiples']"
364,aaf8e7a1f1b767b5fdcb7ef73276814f810e639f,afb3ccdlang3,afb3ccdlang3a,afb3ccdlang3a-h1,unlockHint,,,2022-03-30 03:27:39.223,"['find_factors', 'prime_factorizations', 'and_least_common_multiples']"
365,aaf8e7a1f1b767b5fdcb7ef73276814f810e639f,afb3ccdlang3,afb3ccdlang3a,afb3ccdlang3a-h2,unlockHint,,,2022-03-30 03:27:39.994,"['find_factors', 'prime_factorizations', 'and_least_common_multiples']"
366,aaf8e7a1f1b767b5fdcb7ef73276814f810e639f,afb3ccdlang3,afb3ccdlang3a,afb3ccdlang3a-h2,unlockHint,,,2022-03-30 03:27:40.853,"['find_factors', 'prime_factorizations', 'and_least_common_multiples']"
367,aaf8e7a1f1b767b5fdcb7ef73276814f810e639f,afb3ccdlang3,afb3ccdlang3a,,answerStep,True,False,2022-03-30 03:27:53.199,"['find_factors', 'prime_factorizations', 'and_least_common_multiples']"
368,aaf8e7a1f1b767b5fdcb7ef73276814f810e639f,afb3ccdlang1,afb3ccdlang1a,,answerStep,False,True,2022-03-30 03:27:57.308,"['find_factors', 'prime_factorizations', 'and_least_common_multiples']"
369,aaf8e7a1f1b767b5fdcb7ef73276814f810e639f,afb3ccdlang1,afb3ccdlang1a,,answerStep,False,False,2022-03-30 03:27:58.935,"['find_factors', 'prime_factorizations', 'and_least_common_multiples']"
370,aaf8e7a1f1b767b5fdcb7ef73276814f810e639f,afb3ccdlang1,afb3ccdlang1a,,answerStep,True,False,2022-03-30 03:28:00.278,"['find_factors', 'prime_factorizations', 'and_least_common_multiples']"
371,aaf8e7a1f1b767b5fdcb7ef73276814f810e639f,a4d2b33use32,a4d2b33use32a,,answerStep,True,True,2022-03-30 03:28:28.310,['simplify_expressions_using_the_order_of_operations']
372,aaf8e7a1f1b767b5fdcb7ef73276814f810e639f,a4d2b33use32,a4d2b33use32b,,answerStep,True,True,2022-03-30 03:28:44.761,['simplify_expressions_using_the_order_of_operations']
373,aaf8e7a1f1b767b5fdcb7ef73276814f810e639f,a4d2b33use13,a4d2b33use13a,,answerStep,True,True,2022-03-30 03:28:51.050,['identify_and_combine_like_terms']
374,aaf8e7a1f1b767b5fdcb7ef73276814f810e639f,a4d2b33use13,a4d2b33use13b,,answerStep,False,True,2022-03-30 03:28:55.497,['identify_and_combine_like_terms']
375,aaf8e7a1f1b767b5fdcb7ef73276814f810e639f,a4d2b33use13,a4d2b33use13b,,answerStep,True,False,2022-03-30 03:29:01.193,['identify_and_combine_like_terms']
376,aaf8e7a1f1b767b5fdcb7ef73276814f810e639f,a4d2b33use13,a4d2b33use13c,,answerStep,True,True,2022-03-30 03:29:04.146,['identify_and_combine_like_terms']
377,aaf8e7a1f1b767b5fdcb7ef73276814f810e639f,afb3ccdlang10,afb3ccdlang10a,,answerStep,False,True,2022-03-30 03:29:17.216,['translate_an_english_phrase_to_an_algebraic_expression']
378,aaf8e7a1f1b767b5fdcb7ef73276814f810e639f,afb3ccdlang10,afb3ccdlang10a,afb3ccdlang10a-h1,unlockHint,,,2022-03-30 03:29:33.242,['translate_an_english_phrase_to_an_algebraic_expression']
379,aaf8e7a1f1b767b5fdcb7ef73276814f810e639f,afb3ccdlang10,afb3ccdlang10a,afb3ccdlang10a-h2,unlockHint,,,2022-03-30 03:29:34.023,['translate_an_english_phrase_to_an_algebraic_expression']
380,aaf8e7a1f1b767b5fdcb7ef73276814f810e639f,afb3ccdlang10,afb3ccdlang10a,afb3ccdlang10a-h3,unlockHint,,,2022-03-30 03:29:34.764,['translate_an_english_phrase_to_an_algebraic_expression']
381,aaf8e7a1f1b767b5fdcb7ef73276814f810e639f,afb3ccdlang10,afb3ccdlang10a,afb3ccdlang10a-h4,unlockHint,,,2022-03-30 03:29:35.490,['translate_an_english_phrase_to_an_algebraic_expression']
382,aaf8e7a1f1b767b5fdcb7ef73276814f810e639f,afb3ccdlang10,afb3ccdlang10a,afb3ccdlang10a-h4,unlockHint,,,2022-03-30 03:29:36.160,['translate_an_english_phrase_to_an_algebraic_expression']
383,aaf8e7a1f1b767b5fdcb7ef73276814f810e639f,afb3ccdlang10,afb3ccdlang10a,,answerStep,True,False,2022-03-30 03:29:43.611,['translate_an_english_phrase_to_an_algebraic_expression']
384,aaf8e7a1f1b767b5fdcb7ef73276814f810e639f,afb3ccdlang9,afb3ccdlang9a,afb3ccdlang9a-h1,unlockHint,,,2022-03-30 03:29:53.700,['translate_an_english_phrase_to_an_algebraic_expression']
385,aaf8e7a1f1b767b5fdcb7ef73276814f810e639f,afb3ccdlang9,afb3ccdlang9a,afb3ccdlang9a-h2,unlockHint,,,2022-03-30 03:29:54.649,['translate_an_english_phrase_to_an_algebraic_expression']
386,aaf8e7a1f1b767b5fdcb7ef73276814f810e639f,afb3ccdlang9,afb3ccdlang9a,afb3ccdlang9a-h3,unlockHint,,,2022-03-30 03:29:55.456,['translate_an_english_phrase_to_an_algebraic_expression']
387,aaf8e7a1f1b767b5fdcb7ef73276814f810e639f,afb3ccdlang9,afb3ccdlang9a,afb3ccdlang9a-h4,unlockHint,,,2022-03-30 03:29:56.154,['translate_an_english_phrase_to_an_algebraic_expression']
388,aaf8e7a1f1b767b5fdcb7ef73276814f810e639f,afb3ccdlang9,afb3ccdlang9a,afb3ccdlang9a-h4,unlockHint,,,2022-03-30 03:29:56.784,['translate_an_english_phrase_to_an_algebraic_expression']
389,aaf8e7a1f1b767b5fdcb7ef73276814f810e639f,afb3ccdlang9,afb3ccdlang9a,,answerStep,True,True,2022-03-30 03:30:01.894,['translate_an_english_phrase_to_an_algebraic_expression']
390,aaf8e7a1f1b767b5fdcb7ef73276814f810e639f,a4d2b33use14,a4d2b33use14a,,answerStep,True,True,2022-03-30 03:30:06.013,['identify_and_combine_like_terms']
391,aaf8e7a1f1b767b5fdcb7ef73276814f810e639f,a4d2b33use14,a4d2b33use14b,,answerStep,True,True,2022-03-30 03:30:09.493,['identify_and_combine_like_terms']
392,aaf8e7a1f1b767b5fdcb7ef73276814f810e639f,a4d2b33use14,a4d2b33use14c,,answerStep,True,True,2022-03-30 03:30:15.119,['identify_and_combine_like_terms']
393,aaf8e7a1f1b767b5fdcb7ef73276814f810e639f,a4d2b33use29,a4d2b33use29a,,answerStep,False,True,2022-03-30 03:30:18.966,['simplify_expressions_using_the_order_of_operations']
394,aaf8e7a1f1b767b5fdcb7ef73276814f810e639f,a4d2b33use29,a4d2b33use29a,,answerStep,True,False,2022-03-30 03:30:32.216,['simplify_expressions_using_the_order_of_operations']
395,aaf8e7a1f1b767b5fdcb7ef73276814f810e639f,a4d2b33use29,a4d2b33use29b,,answerStep,True,True,2022-03-30 03:30:38.687,['simplify_expressions_using_the_order_of_operations']
396,aaf8e7a1f1b767b5fdcb7ef73276814f810e639f,a4d2b33use31,a4d2b33use31a,,answerStep,True,True,2022-03-30 03:30:51.778,['simplify_expressions_using_the_order_of_operations']
397,aaf8e7a1f1b767b5fdcb7ef73276814f810e639f,a4d2b33use31,a4d2b33use31b,,answerStep,True,True,2022-03-30 03:31:04.341,['simplify_expressions_using_the_order_of_operations']
398,aaf8e7a1f1b767b5fdcb7ef73276814f810e639f,a4d2b33use7,a4d2b33use7a,,answerStep,True,True,2022-03-30 03:31:24.799,['evaluate_an_expression']
399,aaf8e7a1f1b767b5fdcb7ef73276814f810e639f,a4d2b33use7,a4d2b33use7b,,answerStep,True,True,2022-03-30 03:31:36.364,['evaluate_an_expression']
400,aaf8e7a1f1b767b5fdcb7ef73276814f810e639f,a4d2b33use22,a4d2b33use22a,,answerStep,True,True,2022-03-30 03:31:56.074,['simplify_expressions_using_the_order_of_operations']
401,aaf8e7a1f1b767b5fdcb7ef73276814f810e639f,a4d2b33use22,a4d2b33use22b,,answerStep,True,True,2022-03-30 03:32:08.639,['simplify_expressions_using_the_order_of_operations']
402,aaf8e7a1f1b767b5fdcb7ef73276814f810e639f,a4d2b33use6,a4d2b33use6a,,answerStep,False,True,2022-03-30 03:32:13.051,['identify_and_combine_like_terms']
403,aaf8e7a1f1b767b5fdcb7ef73276814f810e639f,a4d2b33use6,a4d2b33use6a,,answerStep,True,False,2022-03-30 03:32:14.336,['identify_and_combine_like_terms']
404,aaf8e7a1f1b767b5fdcb7ef73276814f810e639f,a4d2b33use6,a4d2b33use6a,,answerStep,False,False,2022-03-30 03:32:15.456,['identify_and_combine_like_terms']
405,aaf8e7a1f1b767b5fdcb7ef73276814f810e639f,a4d2b33use6,a4d2b33use6a,,answerStep,True,False,2022-03-30 03:32:20.430,['identify_and_combine_like_terms']
406,aaf8e7a1f1b767b5fdcb7ef73276814f810e639f,a4d2b33use6,a4d2b33use6b,,answerStep,True,True,2022-03-30 03:32:21.688,['identify_and_combine_like_terms']
407,aaf8e7a1f1b767b5fdcb7ef73276814f810e639f,afb3ccdlang14,afb3ccdlang14a,,answerStep,True,True,2022-03-30 03:32:45.517,['identify_and_combine_like_terms']
408,aaf8e7a1f1b767b5fdcb7ef73276814f810e639f,a4d2b33use8,a4d2b33use8a,,answerStep,True,True,2022-03-30 03:33:02.768,['evaluate_an_expression']
409,aaf8e7a1f1b767b5fdcb7ef73276814f810e639f,a4d2b33use8,a4d2b33use8b,,answerStep,True,True,2022-03-30 03:33:16.344,['evaluate_an_expression']
410,aaf8e7a1f1b767b5fdcb7ef73276814f810e639f,a4d2b33use17,a4d2b33use17a,,answerStep,False,True,2022-03-30 03:33:44.001,['identify_and_combine_like_terms']
411,aaf8e7a1f1b767b5fdcb7ef73276814f810e639f,a4d2b33use17,a4d2b33use17a,,answerStep,True,False,2022-03-30 03:33:45.721,['identify_and_combine_like_terms']
412,aaf8e7a1f1b767b5fdcb7ef73276814f810e639f,a4d2b33use15,a4d2b33use15a,,answerStep,False,True,2022-03-30 03:33:50.339,['identify_and_combine_like_terms']
413,aaf8e7a1f1b767b5fdcb7ef73276814f810e639f,a4d2b33use15,a4d2b33use15a,,answerStep,False,False,2022-03-30 03:33:52.023,['identify_and_combine_like_terms']
414,aaf8e7a1f1b767b5fdcb7ef73276814f810e639f,a4d2b33use15,a4d2b33use15a,,answerStep,True,False,2022-03-30 03:33:53.319,['identify_and_combine_like_terms']
415,aaf8e7a1f1b767b5fdcb7ef73276814f810e639f,a4d2b33use18,a4d2b33use18a,,answerStep,False,True,2022-03-30 03:33:55.476,['identify_and_combine_like_terms']
416,aaf8e7a1f1b767b5fdcb7ef73276814f810e639f,a4d2b33use18,a4d2b33use18a,,answerStep,True,False,2022-03-30 03:33:56.971,['identify_and_combine_like_terms']
417,aaf8e7a1f1b767b5fdcb7ef73276814f810e639f,a4d2b33use5,a4d2b33use5a,,answerStep,False,True,2022-03-30 03:34:01.170,['identify_and_combine_like_terms']
418,aaf8e7a1f1b767b5fdcb7ef73276814f810e639f,a4d2b33use5,a4d2b33use5a,,answerStep,True,False,2022-03-30 03:34:02.471,['identify_and_combine_like_terms']
419,aaf8e7a1f1b767b5fdcb7ef73276814f810e639f,afb3ccdlang15,afb3ccdlang15a,,answerStep,True,True,2022-03-30 03:34:55.248,['identify_and_combine_like_terms']
420,aaf8e7a1f1b767b5fdcb7ef73276814f810e639f,a4d2b33use16,a4d2b33use16a,,answerStep,False,True,2022-03-30 03:35:01.170,['identify_and_combine_like_terms']
421,aaf8e7a1f1b767b5fdcb7ef73276814f810e639f,a4d2b33use16,a4d2b33use16a,,answerStep,False,False,2022-03-30 03:35:02.673,['identify_and_combine_like_terms']
422,aaf8e7a1f1b767b5fdcb7ef73276814f810e639f,a4d2b33use16,a4d2b33use16a,,answerStep,False,False,2022-03-30 03:35:04.125,['identify_and_combine_like_terms']
423,aaf8e7a1f1b767b5fdcb7ef73276814f810e639f,a4d2b33use16,a4d2b33use16a,,answerStep,True,False,2022-03-30 03:35:05.613,['identify_and_combine_like_terms']
424,aaf8e7a1f1b767b5fdcb7ef73276814f810e639f,afb3ccdlang13,afb3ccdlang13a,,answerStep,True,True,2022-03-30 03:35:19.836,['identify_and_combine_like_terms']
425,aaf8e7a1f1b767b5fdcb7ef73276814f810e639f,afb3ccdlang7,afb3ccdlang7a,afb3ccdlang7a-h1,unlockHint,,,2022-03-30 03:36:19.400,['identify_and_combine_like_terms']
426,aaf8e7a1f1b767b5fdcb7ef73276814f810e639f,afb3ccdlang7,afb3ccdlang7a,afb3ccdlang7a-h2,unlockHint,,,2022-03-30 03:36:20.080,['identify_and_combine_like_terms']
427,aaf8e7a1f1b767b5fdcb7ef73276814f810e639f,afb3ccdlang7,afb3ccdlang7a,afb3ccdlang7a-h2,unlockHint,,,2022-03-30 03:36:21.104,['identify_and_combine_like_terms']
428,aaf8e7a1f1b767b5fdcb7ef73276814f810e639f,afb3ccdlang7,afb3ccdlang7a,,answerStep,False,True,2022-03-30 03:37:12.590,['identify_and_combine_like_terms']
429,aaf8e7a1f1b767b5fdcb7ef73276814f810e639f,afb3ccdlang7,afb3ccdlang7a,,answerStep,False,False,2022-03-30 03:37:19.335,['identify_and_combine_like_terms']
430,aaf8e7a1f1b767b5fdcb7ef73276814f810e639f,afb3ccdlang7,afb3ccdlang7a,,answerStep,False,False,2022-03-30 03:38:42.362,['identify_and_combine_like_terms']
431,aaf8e7a1f1b767b5fdcb7ef73276814f810e639f,afb3ccdlang7,afb3ccdlang7a,,answerStep,False,False,2022-03-30 03:39:04.304,['identify_and_combine_like_terms']
432,aaf8e7a1f1b767b5fdcb7ef73276814f810e639f,afb3ccdlang7,afb3ccdlang7a,,answerStep,False,False,2022-03-30 03:39:18.429,['identify_and_combine_like_terms']
433,aaf8e7a1f1b767b5fdcb7ef73276814f810e639f,afb3ccdlang7,afb3ccdlang7a,,answerStep,True,False,2022-03-30 03:40:13.865,['identify_and_combine_like_terms']
434,aaf8e7a1f1b767b5fdcb7ef73276814f810e639f,a4d2b33use30,a4d2b33use30a,,answerStep,True,True,2022-03-30 03:40:24.676,['simplify_expressions_using_the_order_of_operations']
435,aaf8e7a1f1b767b5fdcb7ef73276814f810e639f,a4d2b33use30,a4d2b33use30b,,answerStep,True,True,2022-03-30 03:40:30.221,['simplify_expressions_using_the_order_of_operations']
436,aaf8e7a1f1b767b5fdcb7ef73276814f810e639f,a4d2b33use2,a4d2b33use2a,,answerStep,True,True,2022-03-30 03:40:39.329,['evaluate_an_expression']
437,aaf8e7a1f1b767b5fdcb7ef73276814f810e639f,a4d2b33use2,a4d2b33use2b,,answerStep,True,True,2022-03-30 03:40:49.723,['evaluate_an_expression']
438,aaf8e7a1f1b767b5fdcb7ef73276814f810e639f,a4d2b33use33,a4d2b33use33a,,answerStep,True,True,2022-03-30 03:41:16.848,['simplify_expressions_using_the_order_of_operations']
439,aaf8e7a1f1b767b5fdcb7ef73276814f810e639f,a4d2b33use1,a4d2b33use1a,,answerStep,True,True,2022-03-30 03:41:30.345,['evaluate_an_expression']
440,aaf8e7a1f1b767b5fdcb7ef73276814f810e639f,a4d2b33use1,a4d2b33use1b,,answerStep,True,True,2022-03-30 03:41:40.520,['evaluate_an_expression']
441,aaf8e7a1f1b767b5fdcb7ef73276814f810e639f,afb3ccdlang28,afb3ccdlang28a,,answerStep,True,True,2022-03-30 03:41:52.465,['simplify_expressions_using_the_order_of_operations']
442,aaf8e7a1f1b767b5fdcb7ef73276814f810e639f,a4d2b33use24,a4d2b33use24a,,answerStep,False,True,2022-03-30 03:42:20.958,['simplify_expressions_using_the_order_of_operations']
443,aaf8e7a1f1b767b5fdcb7ef73276814f810e639f,a4d2b33use24,a4d2b33use24a,,answerStep,True,False,2022-03-30 03:43:26.772,['simplify_expressions_using_the_order_of_operations']
444,aaf8e7a1f1b767b5fdcb7ef73276814f810e639f,afb3ccdlang18,afb3ccdlang18a,,answerStep,True,True,2022-03-30 03:43:53.001,['simplify_expressions_using_the_order_of_operations']
445,aaf8e7a1f1b767b5fdcb7ef73276814f810e639f,afb3ccdlang25,afb3ccdlang25a,,answerStep,True,True,2022-03-30 03:44:20.515,['simplify_expressions_using_the_order_of_operations']
446,aaf8e7a1f1b767b5fdcb7ef73276814f810e639f,a4d2b33use10,a4d2b33use10a,,answerStep,True,True,2022-03-30 03:44:30.955,['evaluate_an_expression']
447,aaf8e7a1f1b767b5fdcb7ef73276814f810e639f,a4d2b33use10,a4d2b33use10b,,answerStep,True,True,2022-03-30 03:44:42.362,['evaluate_an_expression']
448,aaf8e7a1f1b767b5fdcb7ef73276814f810e639f,a4d2b33use34,a4d2b33use34a,,answerStep,True,True,2022-03-30 03:45:04.218,['simplify_expressions_using_the_order_of_operations']
449,aaf8e7a1f1b767b5fdcb7ef73276814f810e639f,afb3ccdlang16,afb3ccdlang16a,,answerStep,True,True,2022-03-30 03:45:22.636,['simplify_expressions_using_the_order_of_operations']
450,aaf8e7a1f1b767b5fdcb7ef73276814f810e639f,a4d2b33use9,a4d2b33use9a,,answerStep,True,True,2022-03-30 03:45:31.384,['evaluate_an_expression']
451,aaf8e7a1f1b767b5fdcb7ef73276814f810e639f,a4d2b33use9,a4d2b33use9b,,answerStep,True,True,2022-03-30 03:45:41.063,['evaluate_an_expression']
452,aaf8e7a1f1b767b5fdcb7ef73276814f810e639f,afb3ccdlang22,afb3ccdlang22a,,answerStep,True,True,2022-03-30 03:46:01.891,['simplify_expressions_using_the_order_of_operations']
453,aaf8e7a1f1b767b5fdcb7ef73276814f810e639f,afb3ccdlang20,afb3ccdlang20a,,answerStep,True,True,2022-03-30 03:46:19.957,['simplify_expressions_using_the_order_of_operations']
454,aaf8e7a1f1b767b5fdcb7ef73276814f810e639f,a4d2b33use3,a4d2b33use3a,,answerStep,True,True,2022-03-30 03:46:45.083,['evaluate_an_expression']
455,aaf8e7a1f1b767b5fdcb7ef73276814f810e639f,afb3ccdlang4,afb3ccdlang4a,,answerStep,False,True,2022-03-30 03:47:06.893,['simplify_expressions_using_the_order_of_operations']
456,aaf8e7a1f1b767b5fdcb7ef73276814f810e639f,afb3ccdlang4,afb3ccdlang4a,,answerStep,True,False,2022-03-30 03:47:19.854,['simplify_expressions_using_the_order_of_operations']
457,aaf8e7a1f1b767b5fdcb7ef73276814f810e639f,afb3ccdlang30,afb3ccdlang30a,,answerStep,True,True,2022-03-30 03:47:52.246,['simplify_expressions_using_the_order_of_operations']
458,aaf8e7a1f1b767b5fdcb7ef73276814f810e639f,afb3ccdlang31,afb3ccdlang31a,,answerStep,True,True,2022-03-30 03:48:28.936,['simplify_expressions_using_the_order_of_operations']
459,aaf8e7a1f1b767b5fdcb7ef73276814f810e639f,a4d2b33use12,a4d2b33use12a,,answerStep,True,True,2022-03-30 03:48:53.845,['evaluate_an_expression']
460,aaf8e7a1f1b767b5fdcb7ef73276814f810e639f,afb3ccdlang17,afb3ccdlang17a,,answerStep,True,True,2022-03-30 03:49:11.028,['simplify_expressions_using_the_order_of_operations']
461,aaf8e7a1f1b767b5fdcb7ef73276814f810e639f,a4d2b33use11,a4d2b33use11a,,answerStep,True,True,2022-03-30 03:49:34.693,['evaluate_an_expression']
462,aaf8e7a1f1b767b5fdcb7ef73276814f810e639f,afb3ccdlang12,afb3ccdlang12a,,answerStep,True,True,2022-03-30 03:49:49.832,['simplify_expressions_using_the_order_of_operations']
463,aaf8e7a1f1b767b5fdcb7ef73276814f810e639f,afb3ccdlang26,afb3ccdlang26a,,answerStep,True,True,2022-03-30 03:50:20.142,['simplify_expressions_using_the_order_of_operations']
464,aaf8e7a1f1b767b5fdcb7ef73276814f810e639f,afb3ccdlang19,afb3ccdlang19a,,answerStep,True,True,2022-03-30 03:50:39.625,['simplify_expressions_using_the_order_of_operations']
465,aaf8e7a1f1b767b5fdcb7ef73276814f810e639f,afb3ccdlang21,afb3ccdlang21a,,answerStep,True,True,2022-03-30 03:50:58.536,['simplify_expressions_using_the_order_of_operations']
466,aaf8e7a1f1b767b5fdcb7ef73276814f810e639f,afb3ccdlang11,afb3ccdlang11a,,answerStep,True,True,2022-03-30 03:51:21.587,['simplify_expressions_using_the_order_of_operations']
467,aaf8e7a1f1b767b5fdcb7ef73276814f810e639f,a4d2b33use36,a4d2b33use36a,,answerStep,True,True,2022-03-30 03:51:47.022,['simplify_expressions_using_the_order_of_operations']
468,aaf8e7a1f1b767b5fdcb7ef73276814f810e639f,afb3ccdlang24,afb3ccdlang24a,,answerStep,True,True,2022-03-30 03:52:12.746,['simplify_expressions_using_the_order_of_operations']
469,aaf8e7a1f1b767b5fdcb7ef73276814f810e639f,afb3ccdlang5,afb3ccdlang5a,,answerStep,False,True,2022-03-30 03:52:52.716,['simplify_expressions_using_the_order_of_operations']
470,aaf8e7a1f1b767b5fdcb7ef73276814f810e639f,afb3ccdlang5,afb3ccdlang5a,afb3ccdlang5a-h1,unlockHint,,,2022-03-30 03:53:19.528,['simplify_expressions_using_the_order_of_operations']
471,aaf8e7a1f1b767b5fdcb7ef73276814f810e639f,afb3ccdlang5,afb3ccdlang5a,afb3ccdlang5a-h2,unlockHint,,,2022-03-30 03:53:20.283,['simplify_expressions_using_the_order_of_operations']
472,aaf8e7a1f1b767b5fdcb7ef73276814f810e639f,afb3ccdlang5,afb3ccdlang5a,afb3ccdlang5a-h2,unlockHint,,,2022-03-30 03:53:22.137,['simplify_expressions_using_the_order_of_operations']
473,aaf8e7a1f1b767b5fdcb7ef73276814f810e639f,afb3ccdlang5,afb3ccdlang5a,,answerStep,False,False,2022-03-30 03:53:32.884,['simplify_expressions_using_the_order_of_operations']
474,aaf8e7a1f1b767b5fdcb7ef73276814f810e639f,afb3ccdlang5,afb3ccdlang5a,afb3ccdlang5a-h2,unlockHint,,,2022-03-30 03:54:17.930,['simplify_expressions_using_the_order_of_operations']
475,aaf8e7a1f1b767b5fdcb7ef73276814f810e639f,afb3ccdlang5,afb3ccdlang5a,afb3ccdlang5a-h2,hintScaffoldLog,False,,2022-03-30 03:54:22.471,['simplify_expressions_using_the_order_of_operations']
476,aaf8e7a1f1b767b5fdcb7ef73276814f810e639f,afb3ccdlang5,afb3ccdlang5a,afb3ccdlang5a-h3,unlockHint,,,2022-03-30 03:54:23.696,['simplify_expressions_using_the_order_of_operations']
477,aaf8e7a1f1b767b5fdcb7ef73276814f810e639f,afb3ccdlang5,afb3ccdlang5a,afb3ccdlang5a-h4,unlockHint,,,2022-03-30 03:54:25.042,['simplify_expressions_using_the_order_of_operations']
478,aaf8e7a1f1b767b5fdcb7ef73276814f810e639f,afb3ccdlang5,afb3ccdlang5a,afb3ccdlang5a-h4,hintScaffoldLog,False,,2022-03-30 03:54:28.958,['simplify_expressions_using_the_order_of_operations']
479,aaf8e7a1f1b767b5fdcb7ef73276814f810e639f,afb3ccdlang5,afb3ccdlang5a,afb3ccdlang5a-h5,unlockHint,,,2022-03-30 03:54:30.064,['simplify_expressions_using_the_order_of_operations']
480,aaf8e7a1f1b767b5fdcb7ef73276814f810e639f,afb3ccdlang5,afb3ccdlang5a,afb3ccdlang5a-h5,unlockHint,,,2022-03-30 03:54:36.273,['simplify_expressions_using_the_order_of_operations']
481,aaf8e7a1f1b767b5fdcb7ef73276814f810e639f,afb3ccdlang5,afb3ccdlang5a,afb3ccdlang5a-h5,hintScaffoldLog,False,,2022-03-30 03:54:37.062,['simplify_expressions_using_the_order_of_operations']
482,aaf8e7a1f1b767b5fdcb7ef73276814f810e639f,afb3ccdlang5,afb3ccdlang5a,afb3ccdlang5a-h6,unlockHint,,,2022-03-30 03:54:38.224,['simplify_expressions_using_the_order_of_operations']
483,aaf8e7a1f1b767b5fdcb7ef73276814f810e639f,afb3ccdlang5,afb3ccdlang5a,afb3ccdlang5a-h7,unlockHint,,,2022-03-30 03:54:39.544,['simplify_expressions_using_the_order_of_operations']
484,aaf8e7a1f1b767b5fdcb7ef73276814f810e639f,afb3ccdlang5,afb3ccdlang5a,afb3ccdlang5a-h7,hintScaffoldLog,False,,2022-03-30 03:54:46.628,['simplify_expressions_using_the_order_of_operations']
485,aaf8e7a1f1b767b5fdcb7ef73276814f810e639f,afb3ccdlang5,afb3ccdlang5a,afb3ccdlang5a-h7,hintScaffoldLog,False,,2022-03-30 03:55:08.681,['simplify_expressions_using_the_order_of_operations']
486,aaf8e7a1f1b767b5fdcb7ef73276814f810e639f,afb3ccdlang5,afb3ccdlang5a,afb3ccdlang5a-h8,unlockHint,,,2022-03-30 03:55:09.776,['simplify_expressions_using_the_order_of_operations']
487,aaf8e7a1f1b767b5fdcb7ef73276814f810e639f,afb3ccdlang5,afb3ccdlang5a,afb3ccdlang5a-h9,unlockHint,,,2022-03-30 03:55:12.018,['simplify_expressions_using_the_order_of_operations']
488,aaf8e7a1f1b767b5fdcb7ef73276814f810e639f,afb3ccdlang5,afb3ccdlang5a,afb3ccdlang5a-h9,hintScaffoldLog,False,,2022-03-30 03:55:18.930,['simplify_expressions_using_the_order_of_operations']
489,aaf8e7a1f1b767b5fdcb7ef73276814f810e639f,afb3ccdlang5,afb3ccdlang5a,afb3ccdlang5a-h9,unlockHint,,,2022-03-30 03:55:20.602,['simplify_expressions_using_the_order_of_operations']
490,aaf8e7a1f1b767b5fdcb7ef73276814f810e639f,afb3ccdlang5,afb3ccdlang5a,,answerStep,True,False,2022-03-30 03:55:25.017,['simplify_expressions_using_the_order_of_operations']
491,aaf8e7a1f1b767b5fdcb7ef73276814f810e639f,afb3ccdlang27,afb3ccdlang27a,,answerStep,True,True,2022-03-30 03:55:57.508,['simplify_expressions_using_the_order_of_operations']
492,aaf8e7a1f1b767b5fdcb7ef73276814f810e639f,afb3ccdlang32,afb3ccdlang32a,,answerStep,False,True,2022-03-30 03:56:20.768,['simplify_expressions_using_the_order_of_operations']
493,aaf8e7a1f1b767b5fdcb7ef73276814f810e639f,afb3ccdlang32,afb3ccdlang32a,,answerStep,False,False,2022-03-30 03:57:41.740,['simplify_expressions_using_the_order_of_operations']
494,aaf8e7a1f1b767b5fdcb7ef73276814f810e639f,afb3ccdlang32,afb3ccdlang32a,afb3ccdlang32a-h1,unlockHint,,,2022-03-30 03:57:44.603,['simplify_expressions_using_the_order_of_operations']
495,aaf8e7a1f1b767b5fdcb7ef73276814f810e639f,afb3ccdlang32,afb3ccdlang32a,afb3ccdlang32a-h2,unlockHint,,,2022-03-30 03:57:45.429,['simplify_expressions_using_the_order_of_operations']
496,aaf8e7a1f1b767b5fdcb7ef73276814f810e639f,afb3ccdlang32,afb3ccdlang32a,afb3ccdlang32a-h2,unlockHint,,,2022-03-30 03:57:47.509,['simplify_expressions_using_the_order_of_operations']
497,aaf8e7a1f1b767b5fdcb7ef73276814f810e639f,afb3ccdlang32,afb3ccdlang32a,,answerStep,False,False,2022-03-30 03:57:51.246,['simplify_expressions_using_the_order_of_operations']
498,aaf8e7a1f1b767b5fdcb7ef73276814f810e639f,afb3ccdlang32,afb3ccdlang32a,,answerStep,True,False,2022-03-30 03:57:54.610,['simplify_expressions_using_the_order_of_operations']
499,aaf8e7a1f1b767b5fdcb7ef73276814f810e639f,afb3ccdlang23,afb3ccdlang23a,,answerStep,False,True,2022-03-30 03:58:15.889,['simplify_expressions_using_the_order_of_operations']
500,aaf8e7a1f1b767b5fdcb7ef73276814f810e639f,afb3ccdlang23,afb3ccdlang23a,afb3ccdlang23a-h1,unlockHint,,,2022-03-30 03:58:53.656,['simplify_expressions_using_the_order_of_operations']
501,aaf8e7a1f1b767b5fdcb7ef73276814f810e639f,afb3ccdlang23,afb3ccdlang23a,afb3ccdlang23a-h2,unlockHint,,,2022-03-30 03:58:54.593,['simplify_expressions_using_the_order_of_operations']
502,aaf8e7a1f1b767b5fdcb7ef73276814f810e639f,afb3ccdlang23,afb3ccdlang23a,afb3ccdlang23a-h2,unlockHint,,,2022-03-30 03:58:56.124,['simplify_expressions_using_the_order_of_operations']
503,aaf8e7a1f1b767b5fdcb7ef73276814f810e639f,afb3ccdlang23,afb3ccdlang23a,,answerStep,True,False,2022-03-30 03:58:59.936,['simplify_expressions_using_the_order_of_operations']
504,aaf8e7a1f1b767b5fdcb7ef73276814f810e639f,a4d2b33use23,a4d2b33use23a,,answerStep,True,True,2022-03-30 03:59:17.902,['simplify_expressions_using_the_order_of_operations']
505,aaf8e7a1f1b767b5fdcb7ef73276814f810e639f,afb3ccdlang29,afb3ccdlang29a,,answerStep,True,True,2022-03-30 03:59:31.541,['simplify_expressions_using_the_order_of_operations']
506,aaf8e7a1f1b767b5fdcb7ef73276814f810e639f,a4d2b33use35,a4d2b33use35a,,answerStep,True,True,2022-03-30 03:59:57.707,['simplify_expressions_using_the_order_of_operations']
507,46b7f41636f9d82b419bc0e65f0320ad55900c47,a975ae1MultDivInts1,a975ae1MultDivInts1a,,answerStep,False,True,2022-03-30 23:38:41.707,['multiply_and_divide_integers']
508,46b7f41636f9d82b419bc0e65f0320ad55900c47,a975ae1MultDivInts1,a975ae1MultDivInts1a,,answerStep,True,False,2022-03-30 23:38:50.164,['multiply_and_divide_integers']
509,46b7f41636f9d82b419bc0e65f0320ad55900c47,a975ae1MultDivInts1,a975ae1MultDivInts1b,,answerStep,False,True,2022-03-30 23:38:56.990,['multiply_and_divide_integers']
510,46b7f41636f9d82b419bc0e65f0320ad55900c47,a975ae1MultDivInts1,a975ae1MultDivInts1b,a975ae1MultDivInts1b-h1,unlockHint,,,2022-03-30 23:39:09.420,['multiply_and_divide_integers']
511,46b7f41636f9d82b419bc0e65f0320ad55900c47,a975ae1MultDivInts1,a975ae1MultDivInts1b,a975ae1MultDivInts1b-h2,unlockHint,,,2022-03-30 23:39:15.848,['multiply_and_divide_integers']
512,46b7f41636f9d82b419bc0e65f0320ad55900c47,a975ae1MultDivInts1,a975ae1MultDivInts1b,a975ae1MultDivInts1b-h2,hintScaffoldLog,False,,2022-03-30 23:39:20.959,['multiply_and_divide_integers']
513,46b7f41636f9d82b419bc0e65f0320ad55900c47,a975ae1MultDivInts1,a975ae1MultDivInts1b,a975ae1MultDivInts1b-h3,unlockHint,,,2022-03-30 23:39:24.564,['multiply_and_divide_integers']
514,46b7f41636f9d82b419bc0e65f0320ad55900c47,a975ae1MultDivInts1,a975ae1MultDivInts1b,,answerStep,False,False,2022-03-30 23:39:43.248,['multiply_and_divide_integers']
515,46b7f41636f9d82b419bc0e65f0320ad55900c47,a975ae1MultDivInts1,a975ae1MultDivInts1b,,answerStep,True,False,2022-03-30 23:39:49.887,['multiply_and_divide_integers']
516,c792790394938489e0d4d00f7ceed64fcd605a5e,ab50a95log4,ab50a95log4a,,answerStep,True,True,2022-04-12 03:59:33.228,['converting_from_exponential_form_to_logarithmic_form']
517,c792790394938489e0d4d00f7ceed64fcd605a5e,ab50a95log4,ab50a95log4b,,answerStep,True,True,2022-04-12 03:59:45.367,['converting_from_exponential_form_to_logarithmic_form']
518,c792790394938489e0d4d00f7ceed64fcd605a5e,ab50a95log4,ab50a95log4c,,answerStep,True,True,2022-04-12 03:59:49.321,['converting_from_exponential_form_to_logarithmic_form']
519,c792790394938489e0d4d00f7ceed64fcd605a5e,ab50a95log1,ab50a95log1a,,answerStep,True,True,2022-04-12 04:00:06.609,['converting_from_logarithmic_form_to_exponential_form']
520,c792790394938489e0d4d00f7ceed64fcd605a5e,ab50a95log1,ab50a95log1b,,answerStep,False,True,2022-04-12 04:00:19.347,['converting_from_logarithmic_form_to_exponential_form']
521,c792790394938489e0d4d00f7ceed64fcd605a5e,ab50a95log1,ab50a95log1b,,answerStep,True,False,2022-04-12 04:00:21.850,['converting_from_logarithmic_form_to_exponential_form']
522,c792790394938489e0d4d00f7ceed64fcd605a5e,ab50a95log28,ab50a95log28a,,answerStep,False,True,2022-04-12 04:00:52.595,['evaluating_logarithms']
523,c792790394938489e0d4d00f7ceed64fcd605a5e,ab50a95log28,ab50a95log28a,,answerStep,False,False,2022-04-12 04:01:50.786,['evaluating_logarithms']
524,c792790394938489e0d4d00f7ceed64fcd605a5e,ab50a95log28,ab50a95log28a,,answerStep,True,False,2022-04-12 04:03:05.204,['evaluating_logarithms']
525,c792790394938489e0d4d00f7ceed64fcd605a5e,ab50a95log28,ab50a95log28b,,answerStep,True,True,2022-04-12 04:03:55.057,['evaluating_logarithms']
526,54c4f2023067db67118f606380a1570bfe17c883,a512f5aexplog14,a512f5aexplog14a,,answerStep,True,True,2022-04-15 16:04:21.303,['exponential_and_logarithmic_equations']
527,54c4f2023067db67118f606380a1570bfe17c883,a512f5aexplog19,a512f5aexplog19a,,answerStep,False,True,2022-04-15 16:07:20.214,['using_like_bases_to_solve_exponential_equations']
528,54c4f2023067db67118f606380a1570bfe17c883,a512f5aexplog19,a512f5aexplog19a,,answerStep,True,False,2022-04-15 16:08:08.797,['using_like_bases_to_solve_exponential_equations']
529,54c4f2023067db67118f606380a1570bfe17c883,a512f5aexplog25,a512f5aexplog25a,,answerStep,False,True,2022-04-15 16:09:27.368,['using_the_definition_of_a_logarithm_to_solve_logarithmic_equations']
530,54c4f2023067db67118f606380a1570bfe17c883,a512f5aexplog25,a512f5aexplog25a,,answerStep,False,False,2022-04-15 16:09:58.587,['using_the_definition_of_a_logarithm_to_solve_logarithmic_equations']
531,54c4f2023067db67118f606380a1570bfe17c883,a512f5aexplog25,a512f5aexplog25a,,answerStep,True,False,2022-04-15 16:11:27.463,['using_the_definition_of_a_logarithm_to_solve_logarithmic_equations']
532,54c4f2023067db67118f606380a1570bfe17c883,a512f5aexplog17,a512f5aexplog17a,,answerStep,True,True,2022-04-15 16:12:11.172,['using_like_bases_to_solve_exponential_equations']
533,54c4f2023067db67118f606380a1570bfe17c883,a512f5aexplog24,a512f5aexplog24a,,answerStep,True,True,2022-04-15 16:12:34.320,['using_the_definition_of_a_logarithm_to_solve_logarithmic_equations']
534,54c4f2023067db67118f606380a1570bfe17c883,a512f5aexplog16,a512f5aexplog16a,,answerStep,False,True,2022-04-15 16:13:33.312,['exponential_and_logarithmic_equations']
535,54c4f2023067db67118f606380a1570bfe17c883,a512f5aexplog16,a512f5aexplog16a,,answerStep,False,False,2022-04-15 16:15:37.954,['exponential_and_logarithmic_equations']
536,54c4f2023067db67118f606380a1570bfe17c883,a512f5aexplog16,a512f5aexplog16a,,answerStep,True,False,2022-04-15 16:16:05.290,['exponential_and_logarithmic_equations']
537,54c4f2023067db67118f606380a1570bfe17c883,a512f5aexplog5,a512f5aexplog5a,,answerStep,True,True,2022-04-15 16:16:33.083,['exponential_and_logarithmic_equations']
538,54c4f2023067db67118f606380a1570bfe17c883,a512f5aexplog21,a512f5aexplog21a,,answerStep,True,True,2022-04-15 16:17:21.551,['using_like_bases_to_solve_exponential_equations']
539,54c4f2023067db67118f606380a1570bfe17c883,a512f5aexplog26,a512f5aexplog26a,,answerStep,False,True,2022-04-15 16:19:20.690,['using_the_definition_of_a_logarithm_to_solve_logarithmic_equations']
540,54c4f2023067db67118f606380a1570bfe17c883,a512f5aexplog26,a512f5aexplog26a,,answerStep,False,False,2022-04-15 16:20:24.651,['using_the_definition_of_a_logarithm_to_solve_logarithmic_equations']
541,54c4f2023067db67118f606380a1570bfe17c883,ab8b840systemeqs16,ab8b840systemeqs16a,,answerStep,False,True,2022-04-17 03:50:23.290,['systemeqs_of_linear_equations:_two_variables']
542,54c4f2023067db67118f606380a1570bfe17c883,ab8b840systemeqs16,ab8b840systemeqs16a,,answerStep,False,False,2022-04-17 03:50:45.034,['systemeqs_of_linear_equations:_two_variables']
543,54c4f2023067db67118f606380a1570bfe17c883,ab8b840systemeqs16,ab8b840systemeqs16a,ab8b840systemeqs16a-h1,unlockHint,,,2022-04-17 03:54:24.092,['systemeqs_of_linear_equations:_two_variables']
544,54c4f2023067db67118f606380a1570bfe17c883,ab8b840systemeqs16,ab8b840systemeqs16a,,answerStep,False,False,2022-04-17 03:55:29.373,['systemeqs_of_linear_equations:_two_variables']
545,54c4f2023067db67118f606380a1570bfe17c883,ab8b840systemeqs16,ab8b840systemeqs16a,ab8b840systemeqs16a-h2,unlockHint,,,2022-04-17 03:55:52.032,['systemeqs_of_linear_equations:_two_variables']
546,54c4f2023067db67118f606380a1570bfe17c883,ab8b840systemeqs16,ab8b840systemeqs16a,ab8b840systemeqs16a-h2,hintScaffoldLog,False,,2022-04-17 03:56:15.664,['systemeqs_of_linear_equations:_two_variables']
547,54c4f2023067db67118f606380a1570bfe17c883,ab8b840systemeqs16,ab8b840systemeqs16a,ab8b840systemeqs16a-h2,hintScaffoldLog,False,,2022-04-17 03:57:34.636,['systemeqs_of_linear_equations:_two_variables']
548,54c4f2023067db67118f606380a1570bfe17c883,ab8b840systemeqs16,ab8b840systemeqs16a,ab8b840systemeqs16a-h2,hintScaffoldLog,False,,2022-04-17 03:59:12.564,['systemeqs_of_linear_equations:_two_variables']
549,54c4f2023067db67118f606380a1570bfe17c883,ab8b840systemeq8,ab8b840systemeq8a,,answerStep,False,True,2022-04-18 16:22:51.253,['systems_of_linear_equations:_two_variables']
550,54c4f2023067db67118f606380a1570bfe17c883,ab8b840systemeq8,ab8b840systemeq8a,,answerStep,False,False,2022-04-18 16:23:35.920,['systems_of_linear_equations:_two_variables']
551,54c4f2023067db67118f606380a1570bfe17c883,ab8b840systemeq8,ab8b840systemeq8a,,answerStep,False,False,2022-04-18 16:26:40.834,['systems_of_linear_equations:_two_variables']
552,54c4f2023067db67118f606380a1570bfe17c883,ab8b840systemeq8,ab8b840systemeq8a,,answerStep,True,False,2022-04-18 16:38:39.288,['systems_of_linear_equations:_two_variables']
553,54c4f2023067db67118f606380a1570bfe17c883,ab8b840systemeqs13,ab8b840systemeqs13a,,answerStep,True,True,2022-04-18 16:40:21.771,['systemeqs_of_linear_equations:_two_variables']
554,54c4f2023067db67118f606380a1570bfe17c883,ab8b840systems10,ab8b840systems10a,,answerStep,False,True,2022-04-18 16:44:23.097,['systems_of_linear_equations:_two_variables']
555,54c4f2023067db67118f606380a1570bfe17c883,ab8b840systems10,ab8b840systems10a,,answerStep,True,False,2022-04-18 16:44:28.868,['systems_of_linear_equations:_two_variables']
556,54c4f2023067db67118f606380a1570bfe17c883,ab8b840systemeq4,ab8b840systemeq4a,,answerStep,True,True,2022-04-18 16:52:55.192,['systems_of_linear_equations:_two_variables']
557,54c4f2023067db67118f606380a1570bfe17c883,ab8b840systemeqs9,ab8b840systemeqs9a,,answerStep,True,True,2022-04-18 16:53:26.530,['systemeqs_of_linear_equations:_two_variables']
558,54c4f2023067db67118f606380a1570bfe17c883,ab8b840systemeq5,ab8b840systemeq5a,,answerStep,True,True,2022-04-18 16:53:52.981,['systems_of_linear_equations:_two_variables']
559,54c4f2023067db67118f606380a1570bfe17c883,ac561a1systems27,ac561a1systems27a,,answerStep,True,True,2022-04-23 05:25:11.538,['solving_a_system_of_nonlinear_equations']
560,54c4f2023067db67118f606380a1570bfe17c883,ac561a1systems27,ac561a1systems27b,,answerStep,True,True,2022-04-23 05:26:07.570,['solving_a_system_of_nonlinear_equations']
561,54c4f2023067db67118f606380a1570bfe17c883,ac561a1systems3,ac561a1systems3a,,answerStep,False,True,2022-04-23 05:40:35.410,['solving_a_system_of_nonlinear_equations_using_elimination']
562,54c4f2023067db67118f606380a1570bfe17c883,ac561a1systems3,ac561a1systems3a,,answerStep,True,False,2022-04-23 05:40:45.354,['solving_a_system_of_nonlinear_equations_using_elimination']
563,54c4f2023067db67118f606380a1570bfe17c883,ac561a1systems16,ac561a1systems16a,,answerStep,True,True,2022-04-23 05:42:23.985,['solving_a_system_of_nonlinear_equations_using_substitution']
564,54c4f2023067db67118f606380a1570bfe17c883,ac561a1systems8,ac561a1systems8a,,answerStep,False,True,2022-04-23 05:42:46.317,['solving_a_system_of_nonlinear_equations_using_elimination']
565,54c4f2023067db67118f606380a1570bfe17c883,ac561a1systems8,ac561a1systems8a,,answerStep,True,False,2022-04-23 05:42:54.809,['solving_a_system_of_nonlinear_equations_using_elimination']
566,54c4f2023067db67118f606380a1570bfe17c883,ac561a1systems6,ac561a1systems6a,,answerStep,True,True,2022-04-23 05:43:43.949,['solving_a_system_of_nonlinear_equations_using_elimination']
567,54c4f2023067db67118f606380a1570bfe17c883,ac561a1systems18,ac561a1systems18a,,answerStep,True,True,2022-04-23 05:44:10.182,['solving_a_system_of_nonlinear_equations_using_substitution']
568,54c4f2023067db67118f606380a1570bfe17c883,ac561a1systems17,ac561a1systems17a,,answerStep,True,True,2022-04-23 05:44:35.569,['solving_a_system_of_nonlinear_equations_using_elimination']
569,041d6d00e07236d0bbddb5589a2b61f8a99d624c,a4d2b33use4,a4d2b33use4a,a4d2b33use4a-h1,unlockHint,,,2022-04-25 05:48:36.335,['identify_and_combine_like_terms']
